-- phpMyAdmin SQL Dump
-- version 5.1.3
-- https://www.phpmyadmin.net/
--
-- Host: 127.0.0.1
-- Generation Time: Apr 04, 2022 at 04:33 AM
-- Server version: 10.4.24-MariaDB
-- PHP Version: 7.4.28

SET SQL_MODE = "NO_AUTO_VALUE_ON_ZERO";
START TRANSACTION;
SET time_zone = "+00:00";


/*!40101 SET @OLD_CHARACTER_SET_CLIENT=@@CHARACTER_SET_CLIENT */;
/*!40101 SET @OLD_CHARACTER_SET_RESULTS=@@CHARACTER_SET_RESULTS */;
/*!40101 SET @OLD_COLLATION_CONNECTION=@@COLLATION_CONNECTION */;
/*!40101 SET NAMES utf8mb4 */;

--
-- Database: `dbgreenvalley`
--

-- --------------------------------------------------------

--
-- Table structure for table `course`
--

CREATE TABLE `course` (
  `COURSE_ID` int(11) NOT NULL,
  `COURSE_NAME` varchar(30) NOT NULL,
  `COURSE_LEVEL` varchar(50) NOT NULL DEFAULT '1',
  `COURSE_MAJOR` varchar(30) NOT NULL DEFAULT 'None',
  `COURSE_DESC` varchar(255) NOT NULL,
  `DEPT_ID` int(11) NOT NULL,
  `SETSEMESTER` varchar(90) NOT NULL
) ENGINE=InnoDB DEFAULT CHARSET=latin1;

--
-- Dumping data for table `course`
--

INSERT INTO `course` (`COURSE_ID`, `COURSE_NAME`, `COURSE_LEVEL`, `COURSE_MAJOR`, `COURSE_DESC`, `DEPT_ID`, `SETSEMESTER`) VALUES
(21, 'BSBA Financial Management', '1', 'Financial', 'Bachelor of Science in Busines Administration ', 34, ''),
(30, 'BSED Major in English', '1', 'English', 'Bachelor of Secondary Education (BSED)', 35, ''),
(31, 'BSED Major in English', '2', 'English', 'Bachelor of Secondary Education (BSED)', 35, ''),
(32, 'BSED Major in English', '3', 'English', 'Bachelor of Secondary Education (BSED)', 35, ''),
(33, 'BSED Major in English', '4', 'English', 'Bachelor of Secondary Education (BSED)', 35, ''),
(42, 'BEED General', '1', 'General', 'Bachelor of Elementary Education (BEED)', 35, ''),
(43, 'BEED General', '2', 'General', 'Bachelor of Elementary Education (BEED)', 35, ''),
(44, 'BEED General', '3', 'General', 'Bachelor of Elementary Education (BEED)', 35, ''),
(45, 'BEED General', '4', 'General', 'Bachelor of Elementary Education (BEED)', 35, ''),
(57, 'BSBA Financial Management', '2', 'Financial', 'Bachelor of Science in Busines Administration', 34, ''),
(58, 'BSBA Financial Management', '3', 'Financial', 'Bachelor of Science in Busines Administration', 34, ''),
(59, 'BSBA Financial Management', '4', 'Financial', 'Bachelor of Science in Busines Administration', 34, '');

-- --------------------------------------------------------

--
-- Table structure for table `department`
--

CREATE TABLE `department` (
  `DEPT_ID` int(11) NOT NULL,
  `DEPARTMENT_NAME` varchar(30) NOT NULL,
  `DEPARTMENT_DESC` varchar(50) NOT NULL
) ENGINE=InnoDB DEFAULT CHARSET=latin1;

--
-- Dumping data for table `department`
--

INSERT INTO `department` (`DEPT_ID`, `DEPARTMENT_NAME`, `DEPARTMENT_DESC`) VALUES
(33, 'BSIT', 'Bachelor of Science in Information Technology'),
(34, 'BSBA', 'Bachelor of Science in Business Administration'),
(35, 'TEA', 'Teacher Education Department');

-- --------------------------------------------------------

--
-- Table structure for table `grades`
--

CREATE TABLE `grades` (
  `GRADE_ID` int(11) NOT NULL,
  `IDNO` int(11) NOT NULL,
  `SUBJ_ID` int(11) NOT NULL,
  `FIRST` int(11) NOT NULL,
  `SECOND` int(11) NOT NULL,
  `THIRD` int(11) NOT NULL,
  `FOURTH` int(11) NOT NULL,
  `AVE` float NOT NULL,
  `REMARKS` text NOT NULL,
  `COMMENT` text NOT NULL,
  `SEMS` varchar(90) NOT NULL
) ENGINE=InnoDB DEFAULT CHARSET=latin1;

--
-- Dumping data for table `grades`
--

INSERT INTO `grades` (`GRADE_ID`, `IDNO`, `SUBJ_ID`, `FIRST`, `SECOND`, `THIRD`, `FOURTH`, `AVE`, `REMARKS`, `COMMENT`, `SEMS`) VALUES
(1063, 100000076, 8, 0, 0, 0, 0, 0, '', '', ''),
(1064, 100000076, 40, 0, 0, 0, 0, 0, '', '', ''),
(1065, 100000076, 41, 0, 0, 0, 0, 0, '', '', ''),
(1066, 100000076, 42, 0, 0, 0, 0, 0, '', '', ''),
(1067, 100000076, 43, 0, 0, 0, 0, 0, '', '', ''),
(1068, 100000076, 44, 0, 0, 0, 0, 0, '', '', ''),
(1069, 100000076, 45, 0, 0, 0, 0, 0, '', '', ''),
(1070, 100000076, 46, 0, 0, 0, 0, 0, '', '', ''),
(1071, 100000076, 47, 0, 0, 0, 0, 0, '', '', ''),
(1072, 100000076, 48, 0, 0, 0, 0, 0, '', '', ''),
(1073, 100000077, 8, 0, 0, 0, 0, 0, '', '', ''),
(1074, 100000077, 40, 0, 0, 0, 0, 0, '', '', ''),
(1075, 100000077, 41, 0, 0, 0, 0, 0, '', '', ''),
(1076, 100000077, 42, 0, 0, 0, 0, 0, '', '', ''),
(1077, 100000077, 43, 0, 0, 0, 0, 0, '', '', ''),
(1078, 100000077, 44, 0, 0, 0, 0, 0, '', '', ''),
(1079, 100000077, 45, 0, 0, 0, 0, 0, '', '', ''),
(1080, 100000077, 46, 0, 0, 0, 0, 0, '', '', ''),
(1081, 100000077, 47, 0, 0, 0, 0, 0, '', '', ''),
(1082, 100000077, 48, 0, 0, 0, 0, 0, '', '', ''),
(1083, 100000079, 78, 0, 0, 0, 0, 0, '', '', ''),
(1084, 100000079, 79, 0, 0, 0, 0, 0, '', '', ''),
(1085, 100000079, 80, 0, 0, 0, 0, 0, '', '', ''),
(1086, 100000079, 81, 0, 0, 0, 0, 0, '', '', ''),
(1087, 100000079, 82, 0, 0, 0, 0, 0, '', '', ''),
(1088, 100000079, 83, 0, 0, 0, 0, 0, '', '', ''),
(1089, 100000079, 84, 0, 0, 0, 0, 0, '', '', ''),
(1090, 100000079, 85, 0, 0, 0, 0, 0, '', '', ''),
(1091, 100000079, 86, 0, 0, 0, 0, 0, '', '', ''),
(1092, 1000000100, 176, 0, 0, 0, 0, 0, '', '', ''),
(1093, 1000000100, 177, 0, 0, 0, 0, 0, '', '', ''),
(1094, 1000000100, 178, 0, 0, 0, 0, 0, '', '', ''),
(1095, 1000000100, 179, 0, 0, 0, 0, 0, '', '', ''),
(1096, 1000000100, 180, 0, 0, 0, 0, 0, '', '', ''),
(1097, 1000000100, 181, 0, 0, 0, 0, 0, '', '', ''),
(1098, 1000000100, 182, 0, 0, 0, 0, 0, '', '', ''),
(1099, 1000000100, 345, 0, 0, 0, 0, 0, '', '', ''),
(1100, 100000092, 8, 0, 0, 0, 0, 0, '', '', ''),
(1101, 100000092, 40, 0, 0, 0, 0, 0, '', '', ''),
(1102, 100000092, 41, 0, 0, 0, 0, 0, '', '', ''),
(1103, 100000092, 42, 0, 0, 0, 0, 0, '', '', ''),
(1104, 100000092, 43, 0, 0, 0, 0, 0, '', '', ''),
(1105, 100000092, 44, 0, 0, 0, 0, 0, '', '', ''),
(1106, 100000092, 45, 0, 0, 0, 0, 0, '', '', ''),
(1107, 100000092, 46, 0, 0, 0, 0, 0, '', '', ''),
(1108, 100000092, 47, 0, 0, 0, 0, 0, '', '', ''),
(1109, 100000092, 48, 0, 0, 0, 0, 0, '', '', ''),
(1110, 1000000126, 8, 0, 0, 0, 0, 0, '', '', ''),
(1111, 1000000126, 40, 0, 0, 0, 0, 0, '', '', ''),
(1112, 1000000126, 41, 0, 0, 0, 0, 0, '', '', ''),
(1113, 1000000126, 42, 0, 0, 0, 0, 0, '', '', ''),
(1114, 1000000126, 43, 0, 0, 0, 0, 0, '', '', ''),
(1115, 1000000126, 44, 0, 0, 0, 0, 0, '', '', ''),
(1116, 1000000126, 45, 0, 0, 0, 0, 0, '', '', ''),
(1117, 1000000126, 46, 0, 0, 0, 0, 0, '', '', ''),
(1118, 1000000126, 47, 0, 0, 0, 0, 0, '', '', ''),
(1119, 1000000126, 48, 0, 0, 0, 0, 0, '', '', ''),
(1120, 1000000127, 8, 0, 0, 0, 0, 0, '', '', ''),
(1121, 1000000127, 40, 0, 0, 0, 0, 0, '', '', ''),
(1122, 1000000127, 41, 0, 0, 0, 0, 0, '', '', ''),
(1123, 1000000127, 42, 0, 0, 0, 0, 0, '', '', ''),
(1124, 1000000127, 43, 0, 0, 0, 0, 0, '', '', ''),
(1125, 1000000127, 44, 0, 0, 0, 0, 0, '', '', ''),
(1126, 1000000127, 45, 0, 0, 0, 0, 0, '', '', ''),
(1127, 1000000127, 46, 0, 0, 0, 0, 0, '', '', ''),
(1128, 1000000127, 47, 0, 0, 0, 0, 0, '', '', ''),
(1129, 1000000127, 48, 0, 0, 0, 0, 0, '', '', ''),
(1130, 1000000190, 78, 0, 0, 0, 0, 0, '', '', ''),
(1131, 1000000190, 79, 0, 0, 0, 0, 0, '', '', ''),
(1132, 1000000190, 80, 0, 0, 0, 0, 0, '', '', ''),
(1133, 1000000190, 81, 0, 0, 0, 0, 0, '', '', ''),
(1134, 1000000190, 82, 0, 0, 0, 0, 0, '', '', ''),
(1135, 1000000190, 83, 0, 0, 0, 0, 0, '', '', ''),
(1136, 1000000190, 84, 0, 0, 0, 0, 0, '', '', ''),
(1137, 1000000190, 85, 0, 0, 0, 0, 0, '', '', ''),
(1138, 1000000190, 86, 0, 0, 0, 0, 0, '', '', ''),
(1139, 1000000201, 78, 0, 0, 0, 0, 0, '', '', ''),
(1140, 1000000201, 79, 0, 0, 0, 0, 0, '', '', ''),
(1141, 1000000201, 80, 0, 0, 0, 0, 0, '', '', ''),
(1142, 1000000201, 81, 0, 0, 0, 0, 0, '', '', ''),
(1143, 1000000201, 82, 0, 0, 0, 0, 0, '', '', ''),
(1144, 1000000201, 83, 0, 0, 0, 0, 0, '', '', ''),
(1145, 1000000201, 84, 0, 0, 0, 0, 0, '', '', ''),
(1146, 1000000201, 85, 0, 0, 0, 0, 0, '', '', ''),
(1147, 1000000201, 86, 0, 0, 0, 0, 0, '', '', ''),
(1148, 1000000200, 78, 0, 0, 0, 0, 0, '', '', ''),
(1149, 1000000200, 79, 0, 0, 0, 0, 0, '', '', ''),
(1150, 1000000200, 80, 0, 0, 0, 0, 0, '', '', ''),
(1151, 1000000200, 81, 0, 0, 0, 0, 0, '', '', ''),
(1152, 1000000200, 82, 0, 0, 0, 0, 0, '', '', ''),
(1153, 1000000200, 83, 0, 0, 0, 0, 0, '', '', ''),
(1154, 1000000200, 84, 0, 0, 0, 0, 0, '', '', ''),
(1155, 1000000200, 85, 0, 0, 0, 0, 0, '', '', ''),
(1156, 1000000200, 86, 0, 0, 0, 0, 0, '', '', ''),
(1157, 1000000199, 78, 0, 0, 0, 0, 0, '', '', ''),
(1158, 1000000199, 79, 0, 0, 0, 0, 0, '', '', ''),
(1159, 1000000199, 80, 0, 0, 0, 0, 0, '', '', ''),
(1160, 1000000199, 81, 0, 0, 0, 0, 0, '', '', ''),
(1161, 1000000199, 82, 0, 0, 0, 0, 0, '', '', ''),
(1162, 1000000199, 83, 0, 0, 0, 0, 0, '', '', ''),
(1163, 1000000199, 84, 0, 0, 0, 0, 0, '', '', ''),
(1164, 1000000199, 85, 0, 0, 0, 0, 0, '', '', ''),
(1165, 1000000199, 86, 0, 0, 0, 0, 0, '', '', ''),
(1166, 1000000198, 78, 0, 0, 0, 0, 0, '', '', ''),
(1167, 1000000198, 79, 0, 0, 0, 0, 0, '', '', ''),
(1168, 1000000198, 80, 0, 0, 0, 0, 0, '', '', ''),
(1169, 1000000198, 81, 0, 0, 0, 0, 0, '', '', ''),
(1170, 1000000198, 82, 0, 0, 0, 0, 0, '', '', ''),
(1171, 1000000198, 83, 0, 0, 0, 0, 0, '', '', ''),
(1172, 1000000198, 84, 0, 0, 0, 0, 0, '', '', ''),
(1173, 1000000198, 85, 0, 0, 0, 0, 0, '', '', ''),
(1174, 1000000198, 86, 0, 0, 0, 0, 0, '', '', ''),
(1175, 1000000197, 78, 0, 0, 0, 0, 0, '', '', ''),
(1176, 1000000197, 79, 0, 0, 0, 0, 0, '', '', ''),
(1177, 1000000197, 80, 0, 0, 0, 0, 0, '', '', ''),
(1178, 1000000197, 81, 0, 0, 0, 0, 0, '', '', ''),
(1179, 1000000197, 82, 0, 0, 0, 0, 0, '', '', ''),
(1180, 1000000197, 83, 0, 0, 0, 0, 0, '', '', ''),
(1181, 1000000197, 84, 0, 0, 0, 0, 0, '', '', ''),
(1182, 1000000197, 85, 0, 0, 0, 0, 0, '', '', ''),
(1183, 1000000197, 86, 0, 0, 0, 0, 0, '', '', ''),
(1184, 1000000196, 78, 0, 0, 0, 0, 0, '', '', ''),
(1185, 1000000196, 79, 0, 0, 0, 0, 0, '', '', ''),
(1186, 1000000196, 80, 0, 0, 0, 0, 0, '', '', ''),
(1187, 1000000196, 81, 0, 0, 0, 0, 0, '', '', ''),
(1188, 1000000196, 82, 0, 0, 0, 0, 0, '', '', ''),
(1189, 1000000196, 83, 0, 0, 0, 0, 0, '', '', ''),
(1190, 1000000196, 84, 0, 0, 0, 0, 0, '', '', ''),
(1191, 1000000196, 85, 0, 0, 0, 0, 0, '', '', ''),
(1192, 1000000196, 86, 0, 0, 0, 0, 0, '', '', ''),
(1193, 1000000195, 78, 0, 0, 0, 0, 0, '', '', ''),
(1194, 1000000195, 79, 0, 0, 0, 0, 0, '', '', ''),
(1195, 1000000195, 80, 0, 0, 0, 0, 0, '', '', ''),
(1196, 1000000195, 81, 0, 0, 0, 0, 0, '', '', ''),
(1197, 1000000195, 82, 0, 0, 0, 0, 0, '', '', ''),
(1198, 1000000195, 83, 0, 0, 0, 0, 0, '', '', ''),
(1199, 1000000195, 84, 0, 0, 0, 0, 0, '', '', ''),
(1200, 1000000195, 85, 0, 0, 0, 0, 0, '', '', ''),
(1201, 1000000195, 86, 0, 0, 0, 0, 0, '', '', ''),
(1202, 1000000194, 78, 0, 0, 0, 0, 0, '', '', ''),
(1203, 1000000194, 79, 0, 0, 0, 0, 0, '', '', ''),
(1204, 1000000194, 80, 0, 0, 0, 0, 0, '', '', ''),
(1205, 1000000194, 81, 0, 0, 0, 0, 0, '', '', ''),
(1206, 1000000194, 82, 0, 0, 0, 0, 0, '', '', ''),
(1207, 1000000194, 83, 0, 0, 0, 0, 0, '', '', ''),
(1208, 1000000194, 84, 0, 0, 0, 0, 0, '', '', ''),
(1209, 1000000194, 85, 0, 0, 0, 0, 0, '', '', ''),
(1210, 1000000194, 86, 0, 0, 0, 0, 0, '', '', ''),
(1211, 1000000193, 78, 0, 0, 0, 0, 0, '', '', ''),
(1212, 1000000193, 79, 0, 0, 0, 0, 0, '', '', ''),
(1213, 1000000193, 80, 0, 0, 0, 0, 0, '', '', ''),
(1214, 1000000193, 81, 0, 0, 0, 0, 0, '', '', ''),
(1215, 1000000193, 82, 0, 0, 0, 0, 0, '', '', ''),
(1216, 1000000193, 83, 0, 0, 0, 0, 0, '', '', ''),
(1217, 1000000193, 84, 0, 0, 0, 0, 0, '', '', ''),
(1218, 1000000193, 85, 0, 0, 0, 0, 0, '', '', ''),
(1219, 1000000193, 86, 0, 0, 0, 0, 0, '', '', ''),
(1220, 1000000192, 78, 0, 0, 0, 0, 0, '', '', ''),
(1221, 1000000192, 79, 0, 0, 0, 0, 0, '', '', ''),
(1222, 1000000192, 80, 0, 0, 0, 0, 0, '', '', ''),
(1223, 1000000192, 81, 0, 0, 0, 0, 0, '', '', ''),
(1224, 1000000192, 82, 0, 0, 0, 0, 0, '', '', ''),
(1225, 1000000192, 83, 0, 0, 0, 0, 0, '', '', ''),
(1226, 1000000192, 84, 0, 0, 0, 0, 0, '', '', ''),
(1227, 1000000192, 85, 0, 0, 0, 0, 0, '', '', ''),
(1228, 1000000192, 86, 0, 0, 0, 0, 0, '', '', ''),
(1229, 1000000191, 78, 0, 0, 0, 0, 0, '', '', ''),
(1230, 1000000191, 79, 0, 0, 0, 0, 0, '', '', ''),
(1231, 1000000191, 80, 0, 0, 0, 0, 0, '', '', ''),
(1232, 1000000191, 81, 0, 0, 0, 0, 0, '', '', ''),
(1233, 1000000191, 82, 0, 0, 0, 0, 0, '', '', ''),
(1234, 1000000191, 83, 0, 0, 0, 0, 0, '', '', ''),
(1235, 1000000191, 84, 0, 0, 0, 0, 0, '', '', ''),
(1236, 1000000191, 85, 0, 0, 0, 0, 0, '', '', ''),
(1237, 1000000191, 86, 0, 0, 0, 0, 0, '', '', ''),
(1238, 1000000189, 78, 0, 0, 0, 0, 0, '', '', ''),
(1239, 1000000189, 79, 0, 0, 0, 0, 0, '', '', ''),
(1240, 1000000189, 80, 0, 0, 0, 0, 0, '', '', ''),
(1241, 1000000189, 81, 0, 0, 0, 0, 0, '', '', ''),
(1242, 1000000189, 82, 0, 0, 0, 0, 0, '', '', ''),
(1243, 1000000189, 83, 0, 0, 0, 0, 0, '', '', ''),
(1244, 1000000189, 84, 0, 0, 0, 0, 0, '', '', ''),
(1245, 1000000189, 85, 0, 0, 0, 0, 0, '', '', ''),
(1246, 1000000189, 86, 0, 0, 0, 0, 0, '', '', ''),
(1247, 1000000188, 78, 0, 0, 0, 0, 0, '', '', ''),
(1248, 1000000188, 79, 0, 0, 0, 0, 0, '', '', ''),
(1249, 1000000188, 80, 0, 0, 0, 0, 0, '', '', ''),
(1250, 1000000188, 81, 0, 0, 0, 0, 0, '', '', ''),
(1251, 1000000188, 82, 0, 0, 0, 0, 0, '', '', ''),
(1252, 1000000188, 83, 0, 0, 0, 0, 0, '', '', ''),
(1253, 1000000188, 84, 0, 0, 0, 0, 0, '', '', ''),
(1254, 1000000188, 85, 0, 0, 0, 0, 0, '', '', ''),
(1255, 1000000188, 86, 0, 0, 0, 0, 0, '', '', ''),
(1256, 1000000187, 78, 0, 0, 0, 0, 0, '', '', ''),
(1257, 1000000187, 79, 0, 0, 0, 0, 0, '', '', ''),
(1258, 1000000187, 80, 0, 0, 0, 0, 0, '', '', ''),
(1259, 1000000187, 81, 0, 0, 0, 0, 0, '', '', ''),
(1260, 1000000187, 82, 0, 0, 0, 0, 0, '', '', ''),
(1261, 1000000187, 83, 0, 0, 0, 0, 0, '', '', ''),
(1262, 1000000187, 84, 0, 0, 0, 0, 0, '', '', ''),
(1263, 1000000187, 85, 0, 0, 0, 0, 0, '', '', ''),
(1264, 1000000187, 86, 0, 0, 0, 0, 0, '', '', ''),
(1265, 1000000186, 78, 0, 0, 0, 0, 0, '', '', ''),
(1266, 1000000186, 79, 0, 0, 0, 0, 0, '', '', ''),
(1267, 1000000186, 80, 0, 0, 0, 0, 0, '', '', ''),
(1268, 1000000186, 81, 0, 0, 0, 0, 0, '', '', ''),
(1269, 1000000186, 82, 0, 0, 0, 0, 0, '', '', ''),
(1270, 1000000186, 83, 0, 0, 0, 0, 0, '', '', ''),
(1271, 1000000186, 84, 0, 0, 0, 0, 0, '', '', ''),
(1272, 1000000186, 85, 0, 0, 0, 0, 0, '', '', ''),
(1273, 1000000186, 86, 0, 0, 0, 0, 0, '', '', ''),
(1274, 1000000185, 78, 0, 0, 0, 0, 0, '', '', ''),
(1275, 1000000185, 79, 0, 0, 0, 0, 0, '', '', ''),
(1276, 1000000185, 80, 0, 0, 0, 0, 0, '', '', ''),
(1277, 1000000185, 81, 0, 0, 0, 0, 0, '', '', ''),
(1278, 1000000185, 82, 0, 0, 0, 0, 0, '', '', ''),
(1279, 1000000185, 83, 0, 0, 0, 0, 0, '', '', ''),
(1280, 1000000185, 84, 0, 0, 0, 0, 0, '', '', ''),
(1281, 1000000185, 85, 0, 0, 0, 0, 0, '', '', ''),
(1282, 1000000185, 86, 0, 0, 0, 0, 0, '', '', ''),
(1283, 1000000184, 78, 0, 0, 0, 0, 0, '', '', ''),
(1284, 1000000184, 79, 0, 0, 0, 0, 0, '', '', ''),
(1285, 1000000184, 80, 0, 0, 0, 0, 0, '', '', ''),
(1286, 1000000184, 81, 0, 0, 0, 0, 0, '', '', ''),
(1287, 1000000184, 82, 0, 0, 0, 0, 0, '', '', ''),
(1288, 1000000184, 83, 0, 0, 0, 0, 0, '', '', ''),
(1289, 1000000184, 84, 0, 0, 0, 0, 0, '', '', ''),
(1290, 1000000184, 85, 0, 0, 0, 0, 0, '', '', ''),
(1291, 1000000184, 86, 0, 0, 0, 0, 0, '', '', ''),
(1292, 1000000183, 78, 0, 0, 0, 0, 0, '', '', ''),
(1293, 1000000183, 79, 0, 0, 0, 0, 0, '', '', ''),
(1294, 1000000183, 80, 0, 0, 0, 0, 0, '', '', ''),
(1295, 1000000183, 81, 0, 0, 0, 0, 0, '', '', ''),
(1296, 1000000183, 82, 0, 0, 0, 0, 0, '', '', ''),
(1297, 1000000183, 83, 0, 0, 0, 0, 0, '', '', ''),
(1298, 1000000183, 84, 0, 0, 0, 0, 0, '', '', ''),
(1299, 1000000183, 85, 0, 0, 0, 0, 0, '', '', ''),
(1300, 1000000183, 86, 0, 0, 0, 0, 0, '', '', ''),
(1301, 1000000182, 78, 0, 0, 0, 0, 0, '', '', ''),
(1302, 1000000182, 79, 0, 0, 0, 0, 0, '', '', ''),
(1303, 1000000182, 80, 0, 0, 0, 0, 0, '', '', ''),
(1304, 1000000182, 81, 0, 0, 0, 0, 0, '', '', ''),
(1305, 1000000182, 82, 0, 0, 0, 0, 0, '', '', ''),
(1306, 1000000182, 83, 0, 0, 0, 0, 0, '', '', ''),
(1307, 1000000182, 84, 0, 0, 0, 0, 0, '', '', ''),
(1308, 1000000182, 85, 0, 0, 0, 0, 0, '', '', ''),
(1309, 1000000182, 86, 0, 0, 0, 0, 0, '', '', ''),
(1310, 1000000181, 78, 0, 0, 0, 0, 0, '', '', ''),
(1311, 1000000181, 79, 0, 0, 0, 0, 0, '', '', ''),
(1312, 1000000181, 80, 0, 0, 0, 0, 0, '', '', ''),
(1313, 1000000181, 81, 0, 0, 0, 0, 0, '', '', ''),
(1314, 1000000181, 82, 0, 0, 0, 0, 0, '', '', ''),
(1315, 1000000181, 83, 0, 0, 0, 0, 0, '', '', ''),
(1316, 1000000181, 84, 0, 0, 0, 0, 0, '', '', ''),
(1317, 1000000181, 85, 0, 0, 0, 0, 0, '', '', ''),
(1318, 1000000181, 86, 0, 0, 0, 0, 0, '', '', ''),
(1319, 1000000180, 78, 0, 0, 0, 0, 0, '', '', ''),
(1320, 1000000180, 79, 0, 0, 0, 0, 0, '', '', ''),
(1321, 1000000180, 80, 0, 0, 0, 0, 0, '', '', ''),
(1322, 1000000180, 81, 0, 0, 0, 0, 0, '', '', ''),
(1323, 1000000180, 82, 0, 0, 0, 0, 0, '', '', ''),
(1324, 1000000180, 83, 0, 0, 0, 0, 0, '', '', ''),
(1325, 1000000180, 84, 0, 0, 0, 0, 0, '', '', ''),
(1326, 1000000180, 85, 0, 0, 0, 0, 0, '', '', ''),
(1327, 1000000180, 86, 0, 0, 0, 0, 0, '', '', ''),
(1328, 1000000179, 78, 0, 0, 0, 0, 0, '', '', ''),
(1329, 1000000179, 79, 0, 0, 0, 0, 0, '', '', ''),
(1330, 1000000179, 80, 0, 0, 0, 0, 0, '', '', ''),
(1331, 1000000179, 81, 0, 0, 0, 0, 0, '', '', ''),
(1332, 1000000179, 82, 0, 0, 0, 0, 0, '', '', ''),
(1333, 1000000179, 83, 0, 0, 0, 0, 0, '', '', ''),
(1334, 1000000179, 84, 0, 0, 0, 0, 0, '', '', ''),
(1335, 1000000179, 85, 0, 0, 0, 0, 0, '', '', ''),
(1336, 1000000179, 86, 0, 0, 0, 0, 0, '', '', ''),
(1337, 1000000178, 78, 0, 0, 0, 0, 0, '', '', ''),
(1338, 1000000178, 79, 0, 0, 0, 0, 0, '', '', ''),
(1339, 1000000178, 80, 0, 0, 0, 0, 0, '', '', ''),
(1340, 1000000178, 81, 0, 0, 0, 0, 0, '', '', ''),
(1341, 1000000178, 82, 0, 0, 0, 0, 0, '', '', ''),
(1342, 1000000178, 83, 0, 0, 0, 0, 0, '', '', ''),
(1343, 1000000178, 84, 0, 0, 0, 0, 0, '', '', ''),
(1344, 1000000178, 85, 0, 0, 0, 0, 0, '', '', ''),
(1345, 1000000178, 86, 0, 0, 0, 0, 0, '', '', ''),
(1346, 1000000177, 78, 0, 0, 0, 0, 0, '', '', ''),
(1347, 1000000177, 79, 0, 0, 0, 0, 0, '', '', ''),
(1348, 1000000177, 80, 0, 0, 0, 0, 0, '', '', ''),
(1349, 1000000177, 81, 0, 0, 0, 0, 0, '', '', ''),
(1350, 1000000177, 82, 0, 0, 0, 0, 0, '', '', ''),
(1351, 1000000177, 83, 0, 0, 0, 0, 0, '', '', ''),
(1352, 1000000177, 84, 0, 0, 0, 0, 0, '', '', ''),
(1353, 1000000177, 85, 0, 0, 0, 0, 0, '', '', ''),
(1354, 1000000177, 86, 0, 0, 0, 0, 0, '', '', ''),
(1355, 1000000176, 78, 0, 0, 0, 0, 0, '', '', ''),
(1356, 1000000176, 79, 0, 0, 0, 0, 0, '', '', ''),
(1357, 1000000176, 80, 0, 0, 0, 0, 0, '', '', ''),
(1358, 1000000176, 81, 0, 0, 0, 0, 0, '', '', ''),
(1359, 1000000176, 82, 0, 0, 0, 0, 0, '', '', ''),
(1360, 1000000176, 83, 0, 0, 0, 0, 0, '', '', ''),
(1361, 1000000176, 84, 0, 0, 0, 0, 0, '', '', ''),
(1362, 1000000176, 85, 0, 0, 0, 0, 0, '', '', ''),
(1363, 1000000176, 86, 0, 0, 0, 0, 0, '', '', ''),
(1364, 1000000175, 78, 0, 0, 0, 0, 0, '', '', ''),
(1365, 1000000175, 79, 0, 0, 0, 0, 0, '', '', ''),
(1366, 1000000175, 80, 0, 0, 0, 0, 0, '', '', ''),
(1367, 1000000175, 81, 0, 0, 0, 0, 0, '', '', ''),
(1368, 1000000175, 82, 0, 0, 0, 0, 0, '', '', ''),
(1369, 1000000175, 83, 0, 0, 0, 0, 0, '', '', ''),
(1370, 1000000175, 84, 0, 0, 0, 0, 0, '', '', ''),
(1371, 1000000175, 85, 0, 0, 0, 0, 0, '', '', ''),
(1372, 1000000175, 86, 0, 0, 0, 0, 0, '', '', ''),
(1373, 1000000174, 78, 0, 0, 0, 0, 0, '', '', ''),
(1374, 1000000174, 79, 0, 0, 0, 0, 0, '', '', ''),
(1375, 1000000174, 80, 0, 0, 0, 0, 0, '', '', ''),
(1376, 1000000174, 81, 0, 0, 0, 0, 0, '', '', ''),
(1377, 1000000174, 82, 0, 0, 0, 0, 0, '', '', ''),
(1378, 1000000174, 83, 0, 0, 0, 0, 0, '', '', ''),
(1379, 1000000174, 84, 0, 0, 0, 0, 0, '', '', ''),
(1380, 1000000174, 85, 0, 0, 0, 0, 0, '', '', ''),
(1381, 1000000174, 86, 0, 0, 0, 0, 0, '', '', ''),
(1382, 1000000173, 78, 0, 0, 0, 0, 0, '', '', ''),
(1383, 1000000173, 79, 0, 0, 0, 0, 0, '', '', ''),
(1384, 1000000173, 80, 0, 0, 0, 0, 0, '', '', ''),
(1385, 1000000173, 81, 0, 0, 0, 0, 0, '', '', ''),
(1386, 1000000173, 82, 0, 0, 0, 0, 0, '', '', ''),
(1387, 1000000173, 83, 0, 0, 0, 0, 0, '', '', ''),
(1388, 1000000173, 84, 0, 0, 0, 0, 0, '', '', ''),
(1389, 1000000173, 85, 0, 0, 0, 0, 0, '', '', ''),
(1390, 1000000173, 86, 0, 0, 0, 0, 0, '', '', ''),
(1391, 1000000172, 78, 0, 0, 0, 0, 0, '', '', ''),
(1392, 1000000172, 79, 0, 0, 0, 0, 0, '', '', ''),
(1393, 1000000172, 80, 0, 0, 0, 0, 0, '', '', ''),
(1394, 1000000172, 81, 0, 0, 0, 0, 0, '', '', ''),
(1395, 1000000172, 82, 0, 0, 0, 0, 0, '', '', ''),
(1396, 1000000172, 83, 0, 0, 0, 0, 0, '', '', ''),
(1397, 1000000172, 84, 0, 0, 0, 0, 0, '', '', ''),
(1398, 1000000172, 85, 0, 0, 0, 0, 0, '', '', ''),
(1399, 1000000172, 86, 0, 0, 0, 0, 0, '', '', ''),
(1400, 1000000171, 78, 0, 0, 0, 0, 0, '', '', ''),
(1401, 1000000171, 79, 0, 0, 0, 0, 0, '', '', ''),
(1402, 1000000171, 80, 0, 0, 0, 0, 0, '', '', ''),
(1403, 1000000171, 81, 0, 0, 0, 0, 0, '', '', ''),
(1404, 1000000171, 82, 0, 0, 0, 0, 0, '', '', ''),
(1405, 1000000171, 83, 0, 0, 0, 0, 0, '', '', ''),
(1406, 1000000171, 84, 0, 0, 0, 0, 0, '', '', ''),
(1407, 1000000171, 85, 0, 0, 0, 0, 0, '', '', ''),
(1408, 1000000171, 86, 0, 0, 0, 0, 0, '', '', ''),
(1409, 1000000170, 78, 0, 0, 0, 0, 0, '', '', ''),
(1410, 1000000170, 79, 0, 0, 0, 0, 0, '', '', ''),
(1411, 1000000170, 80, 0, 0, 0, 0, 0, '', '', ''),
(1412, 1000000170, 81, 0, 0, 0, 0, 0, '', '', ''),
(1413, 1000000170, 82, 0, 0, 0, 0, 0, '', '', ''),
(1414, 1000000170, 83, 0, 0, 0, 0, 0, '', '', ''),
(1415, 1000000170, 84, 0, 0, 0, 0, 0, '', '', ''),
(1416, 1000000170, 85, 0, 0, 0, 0, 0, '', '', ''),
(1417, 1000000170, 86, 0, 0, 0, 0, 0, '', '', ''),
(1418, 1000000169, 78, 0, 0, 0, 0, 0, '', '', ''),
(1419, 1000000169, 79, 0, 0, 0, 0, 0, '', '', ''),
(1420, 1000000169, 80, 0, 0, 0, 0, 0, '', '', ''),
(1421, 1000000169, 81, 0, 0, 0, 0, 0, '', '', ''),
(1422, 1000000169, 82, 0, 0, 0, 0, 0, '', '', ''),
(1423, 1000000169, 83, 0, 0, 0, 0, 0, '', '', ''),
(1424, 1000000169, 84, 0, 0, 0, 0, 0, '', '', ''),
(1425, 1000000169, 85, 0, 0, 0, 0, 0, '', '', ''),
(1426, 1000000169, 86, 0, 0, 0, 0, 0, '', '', ''),
(1427, 1000000168, 78, 0, 0, 0, 0, 0, '', '', ''),
(1428, 1000000168, 79, 0, 0, 0, 0, 0, '', '', ''),
(1429, 1000000168, 80, 0, 0, 0, 0, 0, '', '', ''),
(1430, 1000000168, 81, 0, 0, 0, 0, 0, '', '', ''),
(1431, 1000000168, 82, 0, 0, 0, 0, 0, '', '', ''),
(1432, 1000000168, 83, 0, 0, 0, 0, 0, '', '', ''),
(1433, 1000000168, 84, 0, 0, 0, 0, 0, '', '', ''),
(1434, 1000000168, 85, 0, 0, 0, 0, 0, '', '', ''),
(1435, 1000000168, 86, 0, 0, 0, 0, 0, '', '', ''),
(1436, 1000000167, 78, 0, 0, 0, 0, 0, '', '', ''),
(1437, 1000000167, 79, 0, 0, 0, 0, 0, '', '', ''),
(1438, 1000000167, 80, 0, 0, 0, 0, 0, '', '', ''),
(1439, 1000000167, 81, 0, 0, 0, 0, 0, '', '', ''),
(1440, 1000000167, 82, 0, 0, 0, 0, 0, '', '', ''),
(1441, 1000000167, 83, 0, 0, 0, 0, 0, '', '', ''),
(1442, 1000000167, 84, 0, 0, 0, 0, 0, '', '', ''),
(1443, 1000000167, 85, 0, 0, 0, 0, 0, '', '', ''),
(1444, 1000000167, 86, 0, 0, 0, 0, 0, '', '', ''),
(1445, 1000000166, 78, 0, 0, 0, 0, 0, '', '', ''),
(1446, 1000000166, 79, 0, 0, 0, 0, 0, '', '', ''),
(1447, 1000000166, 80, 0, 0, 0, 0, 0, '', '', ''),
(1448, 1000000166, 81, 0, 0, 0, 0, 0, '', '', ''),
(1449, 1000000166, 82, 0, 0, 0, 0, 0, '', '', ''),
(1450, 1000000166, 83, 0, 0, 0, 0, 0, '', '', ''),
(1451, 1000000166, 84, 0, 0, 0, 0, 0, '', '', ''),
(1452, 1000000166, 85, 0, 0, 0, 0, 0, '', '', ''),
(1453, 1000000166, 86, 0, 0, 0, 0, 0, '', '', ''),
(1454, 1000000165, 78, 0, 0, 0, 0, 0, '', '', ''),
(1455, 1000000165, 79, 0, 0, 0, 0, 0, '', '', ''),
(1456, 1000000165, 80, 0, 0, 0, 0, 0, '', '', ''),
(1457, 1000000165, 81, 0, 0, 0, 0, 0, '', '', ''),
(1458, 1000000165, 82, 0, 0, 0, 0, 0, '', '', ''),
(1459, 1000000165, 83, 0, 0, 0, 0, 0, '', '', ''),
(1460, 1000000165, 84, 0, 0, 0, 0, 0, '', '', ''),
(1461, 1000000165, 85, 0, 0, 0, 0, 0, '', '', ''),
(1462, 1000000165, 86, 0, 0, 0, 0, 0, '', '', ''),
(1463, 1000000164, 78, 0, 0, 0, 0, 0, '', '', ''),
(1464, 1000000164, 79, 0, 0, 0, 0, 0, '', '', ''),
(1465, 1000000164, 80, 0, 0, 0, 0, 0, '', '', ''),
(1466, 1000000164, 81, 0, 0, 0, 0, 0, '', '', ''),
(1467, 1000000164, 82, 0, 0, 0, 0, 0, '', '', ''),
(1468, 1000000164, 83, 0, 0, 0, 0, 0, '', '', ''),
(1469, 1000000164, 84, 0, 0, 0, 0, 0, '', '', ''),
(1470, 1000000164, 85, 0, 0, 0, 0, 0, '', '', ''),
(1471, 1000000164, 86, 0, 0, 0, 0, 0, '', '', ''),
(1472, 1000000163, 78, 0, 0, 0, 0, 0, '', '', ''),
(1473, 1000000163, 79, 0, 0, 0, 0, 0, '', '', ''),
(1474, 1000000163, 80, 0, 0, 0, 0, 0, '', '', ''),
(1475, 1000000163, 81, 0, 0, 0, 0, 0, '', '', ''),
(1476, 1000000163, 82, 0, 0, 0, 0, 0, '', '', ''),
(1477, 1000000163, 83, 0, 0, 0, 0, 0, '', '', ''),
(1478, 1000000163, 84, 0, 0, 0, 0, 0, '', '', ''),
(1479, 1000000163, 85, 0, 0, 0, 0, 0, '', '', ''),
(1480, 1000000163, 86, 0, 0, 0, 0, 0, '', '', ''),
(1481, 1000000162, 176, 0, 0, 0, 0, 0, '', '', ''),
(1482, 1000000162, 177, 0, 0, 0, 0, 0, '', '', ''),
(1483, 1000000162, 178, 0, 0, 0, 0, 0, '', '', ''),
(1484, 1000000162, 179, 0, 0, 0, 0, 0, '', '', ''),
(1485, 1000000162, 180, 0, 0, 0, 0, 0, '', '', ''),
(1486, 1000000162, 181, 0, 0, 0, 0, 0, '', '', ''),
(1487, 1000000162, 182, 0, 0, 0, 0, 0, '', '', ''),
(1488, 1000000162, 345, 0, 0, 0, 0, 0, '', '', ''),
(1489, 100000098, 78, 96, 97, 80, 80, 86.6, 'Passed', '', ''),
(1490, 100000098, 79, 70, 70, 70, 70, 70, 'Failed', '', ''),
(1491, 100000098, 80, 90, 87, 87, 87, 87.6, 'Passed', '', ''),
(1492, 100000098, 81, 87, 87, 87, 87, 87, 'Passed', '', ''),
(1493, 100000098, 82, 76, 90, 90, 98, 90.4, 'Passed', '', ''),
(1494, 100000098, 83, 87, 87, 87, 87, 87, 'Passed', '', ''),
(1495, 100000098, 84, 87, 89, 86, 85, 86.4, 'Passed', '', ''),
(1496, 100000098, 85, 87, 87, 89, 86, 87, 'Passed', '', ''),
(1497, 100000098, 86, 85, 84, 84, 93, 87.8, 'Passed', '', ''),
(1498, 1000000156, 78, 0, 0, 0, 0, 0, '', '', ''),
(1499, 1000000156, 79, 0, 0, 0, 0, 0, '', '', ''),
(1500, 1000000156, 80, 0, 0, 0, 0, 0, '', '', ''),
(1501, 1000000156, 81, 0, 0, 0, 0, 0, '', '', ''),
(1502, 1000000156, 82, 0, 0, 0, 0, 0, '', '', ''),
(1503, 1000000156, 83, 0, 0, 0, 0, 0, '', '', ''),
(1504, 1000000156, 84, 0, 0, 0, 0, 0, '', '', ''),
(1505, 1000000156, 85, 0, 0, 0, 0, 0, '', '', ''),
(1506, 1000000156, 86, 0, 0, 0, 0, 0, '', '', '');

-- --------------------------------------------------------

--
-- Table structure for table `schoolyr`
--

CREATE TABLE `schoolyr` (
  `SYID` int(11) NOT NULL,
  `AY` varchar(30) NOT NULL,
  `SEMESTER` varchar(20) NOT NULL,
  `COURSE_ID` int(11) NOT NULL,
  `IDNO` int(30) NOT NULL,
  `CATEGORY` varchar(30) NOT NULL DEFAULT 'ENROLLED',
  `DATE_RESERVED` datetime NOT NULL,
  `DATE_ENROLLED` datetime NOT NULL,
  `STATUS` varchar(30) NOT NULL DEFAULT 'New'
) ENGINE=InnoDB DEFAULT CHARSET=latin1;

--
-- Dumping data for table `schoolyr`
--

INSERT INTO `schoolyr` (`SYID`, `AY`, `SEMESTER`, `COURSE_ID`, `IDNO`, `CATEGORY`, `DATE_RESERVED`, `DATE_ENROLLED`, `STATUS`) VALUES
(150, '2016-2017', 'First', 30, 100000076, 'ENROLLED', '2016-10-07 00:00:00', '2016-10-07 00:00:00', 'New'),
(151, '2016-2017', 'First', 30, 100000077, 'ENROLLED', '2016-10-07 00:00:00', '2016-10-07 00:00:00', 'New'),
(152, '2016-2017', 'First', 42, 100000079, 'ENROLLED', '2016-10-07 00:00:00', '2016-10-07 00:00:00', 'New'),
(153, '2016-2017', 'First', 21, 1000000100, 'ENROLLED', '2016-10-07 00:00:00', '2016-10-07 00:00:00', 'New'),
(154, '2016-2017', 'First', 30, 100000092, 'ENROLLED', '2016-10-07 00:00:00', '2016-10-07 00:00:00', 'New'),
(155, '2016-2017', 'First', 30, 1000000126, 'ENROLLED', '2016-10-07 00:00:00', '2016-10-07 00:00:00', 'New'),
(156, '2016-2017', 'First', 30, 1000000127, 'ENROLLED', '2016-10-07 00:00:00', '2016-10-07 00:00:00', 'New'),
(157, '2016-2017', 'First', 42, 1000000190, 'ENROLLED', '2016-10-07 00:00:00', '2016-10-07 00:00:00', 'New'),
(158, '2016-2017', 'First', 42, 1000000201, 'ENROLLED', '2016-10-07 00:00:00', '2016-10-07 00:00:00', 'New'),
(159, '2016-2017', 'First', 42, 1000000200, 'ENROLLED', '2016-10-07 00:00:00', '2016-10-07 00:00:00', 'New'),
(160, '2016-2017', 'First', 42, 1000000199, 'ENROLLED', '2016-10-07 00:00:00', '2016-10-07 00:00:00', 'New'),
(161, '2016-2017', 'First', 42, 1000000198, 'ENROLLED', '2016-10-07 00:00:00', '2016-10-07 00:00:00', 'New'),
(162, '2016-2017', 'First', 42, 1000000197, 'ENROLLED', '2016-10-07 00:00:00', '2016-10-07 00:00:00', 'New'),
(163, '2016-2017', 'First', 42, 1000000196, 'ENROLLED', '2016-10-07 00:00:00', '2016-10-07 00:00:00', 'New'),
(164, '2016-2017', 'First', 42, 1000000195, 'ENROLLED', '2016-10-07 00:00:00', '2016-10-07 00:00:00', 'New'),
(165, '2016-2017', 'First', 42, 1000000194, 'ENROLLED', '2016-10-07 00:00:00', '2016-10-07 00:00:00', 'New'),
(166, '2016-2017', 'First', 42, 1000000193, 'ENROLLED', '2016-10-07 00:00:00', '2016-10-07 00:00:00', 'New'),
(167, '2016-2017', 'First', 42, 1000000192, 'ENROLLED', '2016-10-07 00:00:00', '2016-10-07 00:00:00', 'New'),
(168, '2016-2017', 'First', 42, 1000000191, 'ENROLLED', '2016-10-07 00:00:00', '2016-10-07 00:00:00', 'New'),
(169, '2016-2017', 'First', 42, 1000000189, 'ENROLLED', '2016-10-07 00:00:00', '2016-10-07 00:00:00', 'New'),
(170, '2016-2017', 'First', 42, 1000000188, 'ENROLLED', '2016-10-07 00:00:00', '2016-10-07 00:00:00', 'New'),
(171, '2016-2017', 'First', 42, 1000000187, 'ENROLLED', '2016-10-07 00:00:00', '2016-10-07 00:00:00', 'New'),
(172, '2016-2017', 'First', 42, 1000000186, 'ENROLLED', '2016-10-07 00:00:00', '2016-10-07 00:00:00', 'New'),
(173, '2016-2017', 'First', 42, 1000000185, 'ENROLLED', '2016-10-07 00:00:00', '2016-10-07 00:00:00', 'New'),
(174, '2016-2017', 'First', 42, 1000000184, 'ENROLLED', '2016-10-07 00:00:00', '2016-10-07 00:00:00', 'New'),
(175, '2016-2017', 'First', 42, 1000000183, 'ENROLLED', '2016-10-07 00:00:00', '2016-10-07 00:00:00', 'New'),
(176, '2016-2017', 'First', 42, 1000000182, 'ENROLLED', '2016-10-07 00:00:00', '2016-10-07 00:00:00', 'New'),
(177, '2016-2017', 'First', 42, 1000000181, 'ENROLLED', '2016-10-07 00:00:00', '2016-10-07 00:00:00', 'New'),
(178, '2016-2017', 'First', 42, 1000000180, 'ENROLLED', '2016-10-07 00:00:00', '2016-10-07 00:00:00', 'New'),
(179, '2016-2017', 'First', 42, 1000000179, 'ENROLLED', '2016-10-07 00:00:00', '2016-10-07 00:00:00', 'New'),
(180, '2016-2017', 'First', 42, 1000000178, 'ENROLLED', '2016-10-07 00:00:00', '2016-10-07 00:00:00', 'New'),
(181, '2016-2017', 'First', 42, 1000000177, 'ENROLLED', '2016-10-07 00:00:00', '2016-10-07 00:00:00', 'New'),
(182, '2016-2017', 'First', 42, 1000000176, 'ENROLLED', '2016-10-07 00:00:00', '2016-10-07 00:00:00', 'New'),
(183, '2016-2017', 'First', 42, 1000000175, 'ENROLLED', '2016-10-07 00:00:00', '2016-10-07 00:00:00', 'New'),
(184, '2016-2017', 'First', 42, 1000000174, 'ENROLLED', '2016-10-07 00:00:00', '2016-10-07 00:00:00', 'New'),
(185, '2016-2017', 'First', 42, 1000000173, 'ENROLLED', '2016-10-07 00:00:00', '2016-10-07 00:00:00', 'New'),
(186, '2016-2017', 'First', 42, 1000000172, 'ENROLLED', '2016-10-07 00:00:00', '2016-10-07 00:00:00', 'New'),
(187, '2016-2017', 'First', 42, 1000000171, 'ENROLLED', '2016-10-07 00:00:00', '2016-10-07 00:00:00', 'New'),
(188, '2016-2017', 'First', 42, 1000000170, 'ENROLLED', '2016-10-07 00:00:00', '2016-10-07 00:00:00', 'New'),
(189, '2016-2017', 'First', 42, 1000000169, 'ENROLLED', '2016-10-07 00:00:00', '2016-10-07 00:00:00', 'New'),
(190, '2016-2017', 'First', 42, 1000000168, 'ENROLLED', '2016-10-07 00:00:00', '2016-10-07 00:00:00', 'New'),
(191, '2016-2017', 'First', 42, 1000000167, 'ENROLLED', '2016-10-07 00:00:00', '2016-10-07 00:00:00', 'New'),
(192, '2016-2017', 'First', 42, 1000000166, 'ENROLLED', '2016-10-07 00:00:00', '2016-10-07 00:00:00', 'New'),
(193, '2016-2017', 'First', 42, 1000000165, 'ENROLLED', '2016-10-07 00:00:00', '2016-10-07 00:00:00', 'New'),
(194, '2016-2017', 'First', 42, 1000000164, 'ENROLLED', '2016-10-07 00:00:00', '2016-10-07 00:00:00', 'New'),
(195, '2016-2017', 'First', 42, 1000000163, 'ENROLLED', '2016-10-07 00:00:00', '2016-10-07 00:00:00', 'New'),
(196, '2016-2017', 'First', 21, 1000000162, 'ENROLLED', '2016-10-07 00:00:00', '2016-10-07 00:00:00', 'New'),
(197, '2016-2017', 'First', 42, 100000098, 'ENROLLED', '2016-10-07 00:00:00', '2016-10-07 00:00:00', 'New'),
(198, '2016-2017', 'First', 42, 1000000156, 'ENROLLED', '2016-10-07 00:00:00', '2016-10-07 00:00:00', 'New');

-- --------------------------------------------------------

--
-- Table structure for table `studentschedule`
--

CREATE TABLE `studentschedule` (
  `CLASS_ID` int(11) NOT NULL,
  `SUBJ_ID` int(11) NOT NULL,
  `schedID` int(11) NOT NULL,
  `AY` varchar(11) NOT NULL,
  `DAY` varchar(20) NOT NULL,
  `C_TIME` varchar(30) NOT NULL,
  `IDNO` int(11) NOT NULL,
  `ROOM` text NOT NULL,
  `CSECTION` varchar(30) NOT NULL DEFAULT 'NONE',
  `COURSE_ID` int(11) NOT NULL,
  `SEMESTER` varchar(30) NOT NULL
) ENGINE=InnoDB DEFAULT CHARSET=latin1;

-- --------------------------------------------------------

--
-- Table structure for table `studentsubjects`
--

CREATE TABLE `studentsubjects` (
  `STUDSUBJ_ID` int(11) NOT NULL,
  `IDNO` int(11) NOT NULL,
  `SUBJ_ID` int(11) NOT NULL,
  `LEVEL` int(11) NOT NULL,
  `SEMESTER` varchar(30) NOT NULL,
  `SY` text NOT NULL,
  `ATTEMP` int(11) NOT NULL,
  `AVERAGE` double NOT NULL,
  `OUTCOME` text NOT NULL
) ENGINE=InnoDB DEFAULT CHARSET=latin1;

--
-- Dumping data for table `studentsubjects`
--

INSERT INTO `studentsubjects` (`STUDSUBJ_ID`, `IDNO`, `SUBJ_ID`, `LEVEL`, `SEMESTER`, `SY`, `ATTEMP`, `AVERAGE`, `OUTCOME`) VALUES
(1057, 100000076, 8, 1, 'First', '2016-2017', 1, 0, ''),
(1058, 100000076, 40, 1, 'First', '2016-2017', 1, 0, ''),
(1059, 100000076, 41, 1, 'First', '2016-2017', 1, 0, ''),
(1060, 100000076, 42, 1, 'First', '2016-2017', 1, 0, ''),
(1061, 100000076, 43, 1, 'First', '2016-2017', 1, 0, ''),
(1062, 100000076, 44, 1, 'First', '2016-2017', 1, 0, ''),
(1063, 100000076, 45, 1, 'First', '2016-2017', 1, 0, ''),
(1064, 100000076, 46, 1, 'First', '2016-2017', 1, 0, ''),
(1065, 100000076, 47, 1, 'First', '2016-2017', 1, 0, ''),
(1066, 100000076, 48, 1, 'First', '2016-2017', 1, 0, ''),
(1067, 100000077, 8, 1, 'First', '2016-2017', 1, 0, ''),
(1068, 100000077, 40, 1, 'First', '2016-2017', 1, 0, ''),
(1069, 100000077, 41, 1, 'First', '2016-2017', 1, 0, ''),
(1070, 100000077, 42, 1, 'First', '2016-2017', 1, 0, ''),
(1071, 100000077, 43, 1, 'First', '2016-2017', 1, 0, ''),
(1072, 100000077, 44, 1, 'First', '2016-2017', 1, 0, ''),
(1073, 100000077, 45, 1, 'First', '2016-2017', 1, 0, ''),
(1074, 100000077, 46, 1, 'First', '2016-2017', 1, 0, ''),
(1075, 100000077, 47, 1, 'First', '2016-2017', 1, 0, ''),
(1076, 100000077, 48, 1, 'First', '2016-2017', 1, 0, ''),
(1077, 100000079, 78, 1, 'First', '2016-2017', 1, 0, ''),
(1078, 100000079, 79, 1, 'First', '2016-2017', 1, 0, ''),
(1079, 100000079, 80, 1, 'First', '2016-2017', 1, 0, ''),
(1080, 100000079, 81, 1, 'First', '2016-2017', 1, 0, ''),
(1081, 100000079, 82, 1, 'First', '2016-2017', 1, 0, ''),
(1082, 100000079, 83, 1, 'First', '2016-2017', 1, 0, ''),
(1083, 100000079, 84, 1, 'First', '2016-2017', 1, 0, ''),
(1084, 100000079, 85, 1, 'First', '2016-2017', 1, 0, ''),
(1085, 100000079, 86, 1, 'First', '2016-2017', 1, 0, ''),
(1086, 1000000100, 176, 1, 'First', '2016-2017', 1, 0, ''),
(1087, 1000000100, 177, 1, 'First', '2016-2017', 1, 0, ''),
(1088, 1000000100, 178, 1, 'First', '2016-2017', 1, 0, ''),
(1089, 1000000100, 179, 1, 'First', '2016-2017', 1, 0, ''),
(1090, 1000000100, 180, 1, 'First', '2016-2017', 1, 0, ''),
(1091, 1000000100, 181, 1, 'First', '2016-2017', 1, 0, ''),
(1092, 1000000100, 182, 1, 'First', '2016-2017', 1, 0, ''),
(1093, 1000000100, 345, 1, 'First', '2016-2017', 1, 0, ''),
(1094, 100000092, 8, 1, 'First', '2016-2017', 1, 0, ''),
(1095, 100000092, 40, 1, 'First', '2016-2017', 1, 0, ''),
(1096, 100000092, 41, 1, 'First', '2016-2017', 1, 0, ''),
(1097, 100000092, 42, 1, 'First', '2016-2017', 1, 0, ''),
(1098, 100000092, 43, 1, 'First', '2016-2017', 1, 0, ''),
(1099, 100000092, 44, 1, 'First', '2016-2017', 1, 0, ''),
(1100, 100000092, 45, 1, 'First', '2016-2017', 1, 0, ''),
(1101, 100000092, 46, 1, 'First', '2016-2017', 1, 0, ''),
(1102, 100000092, 47, 1, 'First', '2016-2017', 1, 0, ''),
(1103, 100000092, 48, 1, 'First', '2016-2017', 1, 0, ''),
(1104, 1000000126, 8, 1, 'First', '2016-2017', 1, 0, ''),
(1105, 1000000126, 40, 1, 'First', '2016-2017', 1, 0, ''),
(1106, 1000000126, 41, 1, 'First', '2016-2017', 1, 0, ''),
(1107, 1000000126, 42, 1, 'First', '2016-2017', 1, 0, ''),
(1108, 1000000126, 43, 1, 'First', '2016-2017', 1, 0, ''),
(1109, 1000000126, 44, 1, 'First', '2016-2017', 1, 0, ''),
(1110, 1000000126, 45, 1, 'First', '2016-2017', 1, 0, ''),
(1111, 1000000126, 46, 1, 'First', '2016-2017', 1, 0, ''),
(1112, 1000000126, 47, 1, 'First', '2016-2017', 1, 0, ''),
(1113, 1000000126, 48, 1, 'First', '2016-2017', 1, 0, ''),
(1114, 1000000127, 8, 1, 'First', '2016-2017', 1, 0, ''),
(1115, 1000000127, 40, 1, 'First', '2016-2017', 1, 0, ''),
(1116, 1000000127, 41, 1, 'First', '2016-2017', 1, 0, ''),
(1117, 1000000127, 42, 1, 'First', '2016-2017', 1, 0, ''),
(1118, 1000000127, 43, 1, 'First', '2016-2017', 1, 0, ''),
(1119, 1000000127, 44, 1, 'First', '2016-2017', 1, 0, ''),
(1120, 1000000127, 45, 1, 'First', '2016-2017', 1, 0, ''),
(1121, 1000000127, 46, 1, 'First', '2016-2017', 1, 0, ''),
(1122, 1000000127, 47, 1, 'First', '2016-2017', 1, 0, ''),
(1123, 1000000127, 48, 1, 'First', '2016-2017', 1, 0, ''),
(1124, 1000000190, 78, 1, 'First', '2016-2017', 1, 0, ''),
(1125, 1000000190, 79, 1, 'First', '2016-2017', 1, 0, ''),
(1126, 1000000190, 80, 1, 'First', '2016-2017', 1, 0, ''),
(1127, 1000000190, 81, 1, 'First', '2016-2017', 1, 0, ''),
(1128, 1000000190, 82, 1, 'First', '2016-2017', 1, 0, ''),
(1129, 1000000190, 83, 1, 'First', '2016-2017', 1, 0, ''),
(1130, 1000000190, 84, 1, 'First', '2016-2017', 1, 0, ''),
(1131, 1000000190, 85, 1, 'First', '2016-2017', 1, 0, ''),
(1132, 1000000190, 86, 1, 'First', '2016-2017', 1, 0, ''),
(1133, 1000000201, 78, 1, 'First', '2016-2017', 1, 0, ''),
(1134, 1000000201, 79, 1, 'First', '2016-2017', 1, 0, ''),
(1135, 1000000201, 80, 1, 'First', '2016-2017', 1, 0, ''),
(1136, 1000000201, 81, 1, 'First', '2016-2017', 1, 0, ''),
(1137, 1000000201, 82, 1, 'First', '2016-2017', 1, 0, ''),
(1138, 1000000201, 83, 1, 'First', '2016-2017', 1, 0, ''),
(1139, 1000000201, 84, 1, 'First', '2016-2017', 1, 0, ''),
(1140, 1000000201, 85, 1, 'First', '2016-2017', 1, 0, ''),
(1141, 1000000201, 86, 1, 'First', '2016-2017', 1, 0, ''),
(1142, 1000000200, 78, 1, 'First', '2016-2017', 1, 0, ''),
(1143, 1000000200, 79, 1, 'First', '2016-2017', 1, 0, ''),
(1144, 1000000200, 80, 1, 'First', '2016-2017', 1, 0, ''),
(1145, 1000000200, 81, 1, 'First', '2016-2017', 1, 0, ''),
(1146, 1000000200, 82, 1, 'First', '2016-2017', 1, 0, ''),
(1147, 1000000200, 83, 1, 'First', '2016-2017', 1, 0, ''),
(1148, 1000000200, 84, 1, 'First', '2016-2017', 1, 0, ''),
(1149, 1000000200, 85, 1, 'First', '2016-2017', 1, 0, ''),
(1150, 1000000200, 86, 1, 'First', '2016-2017', 1, 0, ''),
(1151, 1000000199, 78, 1, 'First', '2016-2017', 1, 0, ''),
(1152, 1000000199, 79, 1, 'First', '2016-2017', 1, 0, ''),
(1153, 1000000199, 80, 1, 'First', '2016-2017', 1, 0, ''),
(1154, 1000000199, 81, 1, 'First', '2016-2017', 1, 0, ''),
(1155, 1000000199, 82, 1, 'First', '2016-2017', 1, 0, ''),
(1156, 1000000199, 83, 1, 'First', '2016-2017', 1, 0, ''),
(1157, 1000000199, 84, 1, 'First', '2016-2017', 1, 0, ''),
(1158, 1000000199, 85, 1, 'First', '2016-2017', 1, 0, ''),
(1159, 1000000199, 86, 1, 'First', '2016-2017', 1, 0, ''),
(1160, 1000000198, 78, 1, 'First', '2016-2017', 1, 0, ''),
(1161, 1000000198, 79, 1, 'First', '2016-2017', 1, 0, ''),
(1162, 1000000198, 80, 1, 'First', '2016-2017', 1, 0, ''),
(1163, 1000000198, 81, 1, 'First', '2016-2017', 1, 0, ''),
(1164, 1000000198, 82, 1, 'First', '2016-2017', 1, 0, ''),
(1165, 1000000198, 83, 1, 'First', '2016-2017', 1, 0, ''),
(1166, 1000000198, 84, 1, 'First', '2016-2017', 1, 0, ''),
(1167, 1000000198, 85, 1, 'First', '2016-2017', 1, 0, ''),
(1168, 1000000198, 86, 1, 'First', '2016-2017', 1, 0, ''),
(1169, 1000000197, 78, 1, 'First', '2016-2017', 1, 0, ''),
(1170, 1000000197, 79, 1, 'First', '2016-2017', 1, 0, ''),
(1171, 1000000197, 80, 1, 'First', '2016-2017', 1, 0, ''),
(1172, 1000000197, 81, 1, 'First', '2016-2017', 1, 0, ''),
(1173, 1000000197, 82, 1, 'First', '2016-2017', 1, 0, ''),
(1174, 1000000197, 83, 1, 'First', '2016-2017', 1, 0, ''),
(1175, 1000000197, 84, 1, 'First', '2016-2017', 1, 0, ''),
(1176, 1000000197, 85, 1, 'First', '2016-2017', 1, 0, ''),
(1177, 1000000197, 86, 1, 'First', '2016-2017', 1, 0, ''),
(1178, 1000000196, 78, 1, 'First', '2016-2017', 1, 0, ''),
(1179, 1000000196, 79, 1, 'First', '2016-2017', 1, 0, ''),
(1180, 1000000196, 80, 1, 'First', '2016-2017', 1, 0, ''),
(1181, 1000000196, 81, 1, 'First', '2016-2017', 1, 0, ''),
(1182, 1000000196, 82, 1, 'First', '2016-2017', 1, 0, ''),
(1183, 1000000196, 83, 1, 'First', '2016-2017', 1, 0, ''),
(1184, 1000000196, 84, 1, 'First', '2016-2017', 1, 0, ''),
(1185, 1000000196, 85, 1, 'First', '2016-2017', 1, 0, ''),
(1186, 1000000196, 86, 1, 'First', '2016-2017', 1, 0, ''),
(1187, 1000000195, 78, 1, 'First', '2016-2017', 1, 0, ''),
(1188, 1000000195, 79, 1, 'First', '2016-2017', 1, 0, ''),
(1189, 1000000195, 80, 1, 'First', '2016-2017', 1, 0, ''),
(1190, 1000000195, 81, 1, 'First', '2016-2017', 1, 0, ''),
(1191, 1000000195, 82, 1, 'First', '2016-2017', 1, 0, ''),
(1192, 1000000195, 83, 1, 'First', '2016-2017', 1, 0, ''),
(1193, 1000000195, 84, 1, 'First', '2016-2017', 1, 0, ''),
(1194, 1000000195, 85, 1, 'First', '2016-2017', 1, 0, ''),
(1195, 1000000195, 86, 1, 'First', '2016-2017', 1, 0, ''),
(1196, 1000000194, 78, 1, 'First', '2016-2017', 1, 0, ''),
(1197, 1000000194, 79, 1, 'First', '2016-2017', 1, 0, ''),
(1198, 1000000194, 80, 1, 'First', '2016-2017', 1, 0, ''),
(1199, 1000000194, 81, 1, 'First', '2016-2017', 1, 0, ''),
(1200, 1000000194, 82, 1, 'First', '2016-2017', 1, 0, ''),
(1201, 1000000194, 83, 1, 'First', '2016-2017', 1, 0, ''),
(1202, 1000000194, 84, 1, 'First', '2016-2017', 1, 0, ''),
(1203, 1000000194, 85, 1, 'First', '2016-2017', 1, 0, ''),
(1204, 1000000194, 86, 1, 'First', '2016-2017', 1, 0, ''),
(1205, 1000000193, 78, 1, 'First', '2016-2017', 1, 0, ''),
(1206, 1000000193, 79, 1, 'First', '2016-2017', 1, 0, ''),
(1207, 1000000193, 80, 1, 'First', '2016-2017', 1, 0, ''),
(1208, 1000000193, 81, 1, 'First', '2016-2017', 1, 0, ''),
(1209, 1000000193, 82, 1, 'First', '2016-2017', 1, 0, ''),
(1210, 1000000193, 83, 1, 'First', '2016-2017', 1, 0, ''),
(1211, 1000000193, 84, 1, 'First', '2016-2017', 1, 0, ''),
(1212, 1000000193, 85, 1, 'First', '2016-2017', 1, 0, ''),
(1213, 1000000193, 86, 1, 'First', '2016-2017', 1, 0, ''),
(1214, 1000000192, 78, 1, 'First', '2016-2017', 1, 0, ''),
(1215, 1000000192, 79, 1, 'First', '2016-2017', 1, 0, ''),
(1216, 1000000192, 80, 1, 'First', '2016-2017', 1, 0, ''),
(1217, 1000000192, 81, 1, 'First', '2016-2017', 1, 0, ''),
(1218, 1000000192, 82, 1, 'First', '2016-2017', 1, 0, ''),
(1219, 1000000192, 83, 1, 'First', '2016-2017', 1, 0, ''),
(1220, 1000000192, 84, 1, 'First', '2016-2017', 1, 0, ''),
(1221, 1000000192, 85, 1, 'First', '2016-2017', 1, 0, ''),
(1222, 1000000192, 86, 1, 'First', '2016-2017', 1, 0, ''),
(1223, 1000000191, 78, 1, 'First', '2016-2017', 1, 0, ''),
(1224, 1000000191, 79, 1, 'First', '2016-2017', 1, 0, ''),
(1225, 1000000191, 80, 1, 'First', '2016-2017', 1, 0, ''),
(1226, 1000000191, 81, 1, 'First', '2016-2017', 1, 0, ''),
(1227, 1000000191, 82, 1, 'First', '2016-2017', 1, 0, ''),
(1228, 1000000191, 83, 1, 'First', '2016-2017', 1, 0, ''),
(1229, 1000000191, 84, 1, 'First', '2016-2017', 1, 0, ''),
(1230, 1000000191, 85, 1, 'First', '2016-2017', 1, 0, ''),
(1231, 1000000191, 86, 1, 'First', '2016-2017', 1, 0, ''),
(1232, 1000000189, 78, 1, 'First', '2016-2017', 1, 0, ''),
(1233, 1000000189, 79, 1, 'First', '2016-2017', 1, 0, ''),
(1234, 1000000189, 80, 1, 'First', '2016-2017', 1, 0, ''),
(1235, 1000000189, 81, 1, 'First', '2016-2017', 1, 0, ''),
(1236, 1000000189, 82, 1, 'First', '2016-2017', 1, 0, ''),
(1237, 1000000189, 83, 1, 'First', '2016-2017', 1, 0, ''),
(1238, 1000000189, 84, 1, 'First', '2016-2017', 1, 0, ''),
(1239, 1000000189, 85, 1, 'First', '2016-2017', 1, 0, ''),
(1240, 1000000189, 86, 1, 'First', '2016-2017', 1, 0, ''),
(1241, 1000000188, 78, 1, 'First', '2016-2017', 1, 0, ''),
(1242, 1000000188, 79, 1, 'First', '2016-2017', 1, 0, ''),
(1243, 1000000188, 80, 1, 'First', '2016-2017', 1, 0, ''),
(1244, 1000000188, 81, 1, 'First', '2016-2017', 1, 0, ''),
(1245, 1000000188, 82, 1, 'First', '2016-2017', 1, 0, ''),
(1246, 1000000188, 83, 1, 'First', '2016-2017', 1, 0, ''),
(1247, 1000000188, 84, 1, 'First', '2016-2017', 1, 0, ''),
(1248, 1000000188, 85, 1, 'First', '2016-2017', 1, 0, ''),
(1249, 1000000188, 86, 1, 'First', '2016-2017', 1, 0, ''),
(1250, 1000000187, 78, 1, 'First', '2016-2017', 1, 0, ''),
(1251, 1000000187, 79, 1, 'First', '2016-2017', 1, 0, ''),
(1252, 1000000187, 80, 1, 'First', '2016-2017', 1, 0, ''),
(1253, 1000000187, 81, 1, 'First', '2016-2017', 1, 0, ''),
(1254, 1000000187, 82, 1, 'First', '2016-2017', 1, 0, ''),
(1255, 1000000187, 83, 1, 'First', '2016-2017', 1, 0, ''),
(1256, 1000000187, 84, 1, 'First', '2016-2017', 1, 0, ''),
(1257, 1000000187, 85, 1, 'First', '2016-2017', 1, 0, ''),
(1258, 1000000187, 86, 1, 'First', '2016-2017', 1, 0, ''),
(1259, 1000000186, 78, 1, 'First', '2016-2017', 1, 0, ''),
(1260, 1000000186, 79, 1, 'First', '2016-2017', 1, 0, ''),
(1261, 1000000186, 80, 1, 'First', '2016-2017', 1, 0, ''),
(1262, 1000000186, 81, 1, 'First', '2016-2017', 1, 0, ''),
(1263, 1000000186, 82, 1, 'First', '2016-2017', 1, 0, ''),
(1264, 1000000186, 83, 1, 'First', '2016-2017', 1, 0, ''),
(1265, 1000000186, 84, 1, 'First', '2016-2017', 1, 0, ''),
(1266, 1000000186, 85, 1, 'First', '2016-2017', 1, 0, ''),
(1267, 1000000186, 86, 1, 'First', '2016-2017', 1, 0, ''),
(1268, 1000000185, 78, 1, 'First', '2016-2017', 1, 0, ''),
(1269, 1000000185, 79, 1, 'First', '2016-2017', 1, 0, ''),
(1270, 1000000185, 80, 1, 'First', '2016-2017', 1, 0, ''),
(1271, 1000000185, 81, 1, 'First', '2016-2017', 1, 0, ''),
(1272, 1000000185, 82, 1, 'First', '2016-2017', 1, 0, ''),
(1273, 1000000185, 83, 1, 'First', '2016-2017', 1, 0, ''),
(1274, 1000000185, 84, 1, 'First', '2016-2017', 1, 0, ''),
(1275, 1000000185, 85, 1, 'First', '2016-2017', 1, 0, ''),
(1276, 1000000185, 86, 1, 'First', '2016-2017', 1, 0, ''),
(1277, 1000000184, 78, 1, 'First', '2016-2017', 1, 0, ''),
(1278, 1000000184, 79, 1, 'First', '2016-2017', 1, 0, ''),
(1279, 1000000184, 80, 1, 'First', '2016-2017', 1, 0, ''),
(1280, 1000000184, 81, 1, 'First', '2016-2017', 1, 0, ''),
(1281, 1000000184, 82, 1, 'First', '2016-2017', 1, 0, ''),
(1282, 1000000184, 83, 1, 'First', '2016-2017', 1, 0, ''),
(1283, 1000000184, 84, 1, 'First', '2016-2017', 1, 0, ''),
(1284, 1000000184, 85, 1, 'First', '2016-2017', 1, 0, ''),
(1285, 1000000184, 86, 1, 'First', '2016-2017', 1, 0, ''),
(1286, 1000000183, 78, 1, 'First', '2016-2017', 1, 0, ''),
(1287, 1000000183, 79, 1, 'First', '2016-2017', 1, 0, ''),
(1288, 1000000183, 80, 1, 'First', '2016-2017', 1, 0, ''),
(1289, 1000000183, 81, 1, 'First', '2016-2017', 1, 0, ''),
(1290, 1000000183, 82, 1, 'First', '2016-2017', 1, 0, ''),
(1291, 1000000183, 83, 1, 'First', '2016-2017', 1, 0, ''),
(1292, 1000000183, 84, 1, 'First', '2016-2017', 1, 0, ''),
(1293, 1000000183, 85, 1, 'First', '2016-2017', 1, 0, ''),
(1294, 1000000183, 86, 1, 'First', '2016-2017', 1, 0, ''),
(1295, 1000000182, 78, 1, 'First', '2016-2017', 1, 0, ''),
(1296, 1000000182, 79, 1, 'First', '2016-2017', 1, 0, ''),
(1297, 1000000182, 80, 1, 'First', '2016-2017', 1, 0, ''),
(1298, 1000000182, 81, 1, 'First', '2016-2017', 1, 0, ''),
(1299, 1000000182, 82, 1, 'First', '2016-2017', 1, 0, ''),
(1300, 1000000182, 83, 1, 'First', '2016-2017', 1, 0, ''),
(1301, 1000000182, 84, 1, 'First', '2016-2017', 1, 0, ''),
(1302, 1000000182, 85, 1, 'First', '2016-2017', 1, 0, ''),
(1303, 1000000182, 86, 1, 'First', '2016-2017', 1, 0, ''),
(1304, 1000000181, 78, 1, 'First', '2016-2017', 1, 0, ''),
(1305, 1000000181, 79, 1, 'First', '2016-2017', 1, 0, ''),
(1306, 1000000181, 80, 1, 'First', '2016-2017', 1, 0, ''),
(1307, 1000000181, 81, 1, 'First', '2016-2017', 1, 0, ''),
(1308, 1000000181, 82, 1, 'First', '2016-2017', 1, 0, ''),
(1309, 1000000181, 83, 1, 'First', '2016-2017', 1, 0, ''),
(1310, 1000000181, 84, 1, 'First', '2016-2017', 1, 0, ''),
(1311, 1000000181, 85, 1, 'First', '2016-2017', 1, 0, ''),
(1312, 1000000181, 86, 1, 'First', '2016-2017', 1, 0, ''),
(1313, 1000000180, 78, 1, 'First', '2016-2017', 1, 0, ''),
(1314, 1000000180, 79, 1, 'First', '2016-2017', 1, 0, ''),
(1315, 1000000180, 80, 1, 'First', '2016-2017', 1, 0, ''),
(1316, 1000000180, 81, 1, 'First', '2016-2017', 1, 0, ''),
(1317, 1000000180, 82, 1, 'First', '2016-2017', 1, 0, ''),
(1318, 1000000180, 83, 1, 'First', '2016-2017', 1, 0, ''),
(1319, 1000000180, 84, 1, 'First', '2016-2017', 1, 0, ''),
(1320, 1000000180, 85, 1, 'First', '2016-2017', 1, 0, ''),
(1321, 1000000180, 86, 1, 'First', '2016-2017', 1, 0, ''),
(1322, 1000000179, 78, 1, 'First', '2016-2017', 1, 0, ''),
(1323, 1000000179, 79, 1, 'First', '2016-2017', 1, 0, ''),
(1324, 1000000179, 80, 1, 'First', '2016-2017', 1, 0, ''),
(1325, 1000000179, 81, 1, 'First', '2016-2017', 1, 0, ''),
(1326, 1000000179, 82, 1, 'First', '2016-2017', 1, 0, ''),
(1327, 1000000179, 83, 1, 'First', '2016-2017', 1, 0, ''),
(1328, 1000000179, 84, 1, 'First', '2016-2017', 1, 0, ''),
(1329, 1000000179, 85, 1, 'First', '2016-2017', 1, 0, ''),
(1330, 1000000179, 86, 1, 'First', '2016-2017', 1, 0, ''),
(1331, 1000000178, 78, 1, 'First', '2016-2017', 1, 0, ''),
(1332, 1000000178, 79, 1, 'First', '2016-2017', 1, 0, ''),
(1333, 1000000178, 80, 1, 'First', '2016-2017', 1, 0, ''),
(1334, 1000000178, 81, 1, 'First', '2016-2017', 1, 0, ''),
(1335, 1000000178, 82, 1, 'First', '2016-2017', 1, 0, ''),
(1336, 1000000178, 83, 1, 'First', '2016-2017', 1, 0, ''),
(1337, 1000000178, 84, 1, 'First', '2016-2017', 1, 0, ''),
(1338, 1000000178, 85, 1, 'First', '2016-2017', 1, 0, ''),
(1339, 1000000178, 86, 1, 'First', '2016-2017', 1, 0, ''),
(1340, 1000000177, 78, 1, 'First', '2016-2017', 1, 0, ''),
(1341, 1000000177, 79, 1, 'First', '2016-2017', 1, 0, ''),
(1342, 1000000177, 80, 1, 'First', '2016-2017', 1, 0, ''),
(1343, 1000000177, 81, 1, 'First', '2016-2017', 1, 0, ''),
(1344, 1000000177, 82, 1, 'First', '2016-2017', 1, 0, ''),
(1345, 1000000177, 83, 1, 'First', '2016-2017', 1, 0, ''),
(1346, 1000000177, 84, 1, 'First', '2016-2017', 1, 0, ''),
(1347, 1000000177, 85, 1, 'First', '2016-2017', 1, 0, ''),
(1348, 1000000177, 86, 1, 'First', '2016-2017', 1, 0, ''),
(1349, 1000000176, 78, 1, 'First', '2016-2017', 1, 0, ''),
(1350, 1000000176, 79, 1, 'First', '2016-2017', 1, 0, ''),
(1351, 1000000176, 80, 1, 'First', '2016-2017', 1, 0, ''),
(1352, 1000000176, 81, 1, 'First', '2016-2017', 1, 0, ''),
(1353, 1000000176, 82, 1, 'First', '2016-2017', 1, 0, ''),
(1354, 1000000176, 83, 1, 'First', '2016-2017', 1, 0, ''),
(1355, 1000000176, 84, 1, 'First', '2016-2017', 1, 0, ''),
(1356, 1000000176, 85, 1, 'First', '2016-2017', 1, 0, ''),
(1357, 1000000176, 86, 1, 'First', '2016-2017', 1, 0, ''),
(1358, 1000000175, 78, 1, 'First', '2016-2017', 1, 0, ''),
(1359, 1000000175, 79, 1, 'First', '2016-2017', 1, 0, ''),
(1360, 1000000175, 80, 1, 'First', '2016-2017', 1, 0, ''),
(1361, 1000000175, 81, 1, 'First', '2016-2017', 1, 0, ''),
(1362, 1000000175, 82, 1, 'First', '2016-2017', 1, 0, ''),
(1363, 1000000175, 83, 1, 'First', '2016-2017', 1, 0, ''),
(1364, 1000000175, 84, 1, 'First', '2016-2017', 1, 0, ''),
(1365, 1000000175, 85, 1, 'First', '2016-2017', 1, 0, ''),
(1366, 1000000175, 86, 1, 'First', '2016-2017', 1, 0, ''),
(1367, 1000000174, 78, 1, 'First', '2016-2017', 1, 0, ''),
(1368, 1000000174, 79, 1, 'First', '2016-2017', 1, 0, ''),
(1369, 1000000174, 80, 1, 'First', '2016-2017', 1, 0, ''),
(1370, 1000000174, 81, 1, 'First', '2016-2017', 1, 0, ''),
(1371, 1000000174, 82, 1, 'First', '2016-2017', 1, 0, ''),
(1372, 1000000174, 83, 1, 'First', '2016-2017', 1, 0, ''),
(1373, 1000000174, 84, 1, 'First', '2016-2017', 1, 0, ''),
(1374, 1000000174, 85, 1, 'First', '2016-2017', 1, 0, ''),
(1375, 1000000174, 86, 1, 'First', '2016-2017', 1, 0, ''),
(1376, 1000000173, 78, 1, 'First', '2016-2017', 1, 0, ''),
(1377, 1000000173, 79, 1, 'First', '2016-2017', 1, 0, ''),
(1378, 1000000173, 80, 1, 'First', '2016-2017', 1, 0, ''),
(1379, 1000000173, 81, 1, 'First', '2016-2017', 1, 0, ''),
(1380, 1000000173, 82, 1, 'First', '2016-2017', 1, 0, ''),
(1381, 1000000173, 83, 1, 'First', '2016-2017', 1, 0, ''),
(1382, 1000000173, 84, 1, 'First', '2016-2017', 1, 0, ''),
(1383, 1000000173, 85, 1, 'First', '2016-2017', 1, 0, ''),
(1384, 1000000173, 86, 1, 'First', '2016-2017', 1, 0, ''),
(1385, 1000000172, 78, 1, 'First', '2016-2017', 1, 0, ''),
(1386, 1000000172, 79, 1, 'First', '2016-2017', 1, 0, ''),
(1387, 1000000172, 80, 1, 'First', '2016-2017', 1, 0, ''),
(1388, 1000000172, 81, 1, 'First', '2016-2017', 1, 0, ''),
(1389, 1000000172, 82, 1, 'First', '2016-2017', 1, 0, ''),
(1390, 1000000172, 83, 1, 'First', '2016-2017', 1, 0, ''),
(1391, 1000000172, 84, 1, 'First', '2016-2017', 1, 0, ''),
(1392, 1000000172, 85, 1, 'First', '2016-2017', 1, 0, ''),
(1393, 1000000172, 86, 1, 'First', '2016-2017', 1, 0, ''),
(1394, 1000000171, 78, 1, 'First', '2016-2017', 1, 0, ''),
(1395, 1000000171, 79, 1, 'First', '2016-2017', 1, 0, ''),
(1396, 1000000171, 80, 1, 'First', '2016-2017', 1, 0, ''),
(1397, 1000000171, 81, 1, 'First', '2016-2017', 1, 0, ''),
(1398, 1000000171, 82, 1, 'First', '2016-2017', 1, 0, ''),
(1399, 1000000171, 83, 1, 'First', '2016-2017', 1, 0, ''),
(1400, 1000000171, 84, 1, 'First', '2016-2017', 1, 0, ''),
(1401, 1000000171, 85, 1, 'First', '2016-2017', 1, 0, ''),
(1402, 1000000171, 86, 1, 'First', '2016-2017', 1, 0, ''),
(1403, 1000000170, 78, 1, 'First', '2016-2017', 1, 0, ''),
(1404, 1000000170, 79, 1, 'First', '2016-2017', 1, 0, ''),
(1405, 1000000170, 80, 1, 'First', '2016-2017', 1, 0, ''),
(1406, 1000000170, 81, 1, 'First', '2016-2017', 1, 0, ''),
(1407, 1000000170, 82, 1, 'First', '2016-2017', 1, 0, ''),
(1408, 1000000170, 83, 1, 'First', '2016-2017', 1, 0, ''),
(1409, 1000000170, 84, 1, 'First', '2016-2017', 1, 0, ''),
(1410, 1000000170, 85, 1, 'First', '2016-2017', 1, 0, ''),
(1411, 1000000170, 86, 1, 'First', '2016-2017', 1, 0, ''),
(1412, 1000000169, 78, 1, 'First', '2016-2017', 1, 0, ''),
(1413, 1000000169, 79, 1, 'First', '2016-2017', 1, 0, ''),
(1414, 1000000169, 80, 1, 'First', '2016-2017', 1, 0, ''),
(1415, 1000000169, 81, 1, 'First', '2016-2017', 1, 0, ''),
(1416, 1000000169, 82, 1, 'First', '2016-2017', 1, 0, ''),
(1417, 1000000169, 83, 1, 'First', '2016-2017', 1, 0, ''),
(1418, 1000000169, 84, 1, 'First', '2016-2017', 1, 0, ''),
(1419, 1000000169, 85, 1, 'First', '2016-2017', 1, 0, ''),
(1420, 1000000169, 86, 1, 'First', '2016-2017', 1, 0, ''),
(1421, 1000000168, 78, 1, 'First', '2016-2017', 1, 0, ''),
(1422, 1000000168, 79, 1, 'First', '2016-2017', 1, 0, ''),
(1423, 1000000168, 80, 1, 'First', '2016-2017', 1, 0, ''),
(1424, 1000000168, 81, 1, 'First', '2016-2017', 1, 0, ''),
(1425, 1000000168, 82, 1, 'First', '2016-2017', 1, 0, ''),
(1426, 1000000168, 83, 1, 'First', '2016-2017', 1, 0, ''),
(1427, 1000000168, 84, 1, 'First', '2016-2017', 1, 0, ''),
(1428, 1000000168, 85, 1, 'First', '2016-2017', 1, 0, ''),
(1429, 1000000168, 86, 1, 'First', '2016-2017', 1, 0, ''),
(1430, 1000000167, 78, 1, 'First', '2016-2017', 1, 0, ''),
(1431, 1000000167, 79, 1, 'First', '2016-2017', 1, 0, ''),
(1432, 1000000167, 80, 1, 'First', '2016-2017', 1, 0, ''),
(1433, 1000000167, 81, 1, 'First', '2016-2017', 1, 0, ''),
(1434, 1000000167, 82, 1, 'First', '2016-2017', 1, 0, ''),
(1435, 1000000167, 83, 1, 'First', '2016-2017', 1, 0, ''),
(1436, 1000000167, 84, 1, 'First', '2016-2017', 1, 0, ''),
(1437, 1000000167, 85, 1, 'First', '2016-2017', 1, 0, ''),
(1438, 1000000167, 86, 1, 'First', '2016-2017', 1, 0, ''),
(1439, 1000000166, 78, 1, 'First', '2016-2017', 1, 0, ''),
(1440, 1000000166, 79, 1, 'First', '2016-2017', 1, 0, ''),
(1441, 1000000166, 80, 1, 'First', '2016-2017', 1, 0, ''),
(1442, 1000000166, 81, 1, 'First', '2016-2017', 1, 0, ''),
(1443, 1000000166, 82, 1, 'First', '2016-2017', 1, 0, ''),
(1444, 1000000166, 83, 1, 'First', '2016-2017', 1, 0, ''),
(1445, 1000000166, 84, 1, 'First', '2016-2017', 1, 0, ''),
(1446, 1000000166, 85, 1, 'First', '2016-2017', 1, 0, ''),
(1447, 1000000166, 86, 1, 'First', '2016-2017', 1, 0, ''),
(1448, 1000000165, 78, 1, 'First', '2016-2017', 1, 0, ''),
(1449, 1000000165, 79, 1, 'First', '2016-2017', 1, 0, ''),
(1450, 1000000165, 80, 1, 'First', '2016-2017', 1, 0, ''),
(1451, 1000000165, 81, 1, 'First', '2016-2017', 1, 0, ''),
(1452, 1000000165, 82, 1, 'First', '2016-2017', 1, 0, ''),
(1453, 1000000165, 83, 1, 'First', '2016-2017', 1, 0, ''),
(1454, 1000000165, 84, 1, 'First', '2016-2017', 1, 0, ''),
(1455, 1000000165, 85, 1, 'First', '2016-2017', 1, 0, ''),
(1456, 1000000165, 86, 1, 'First', '2016-2017', 1, 0, ''),
(1457, 1000000164, 78, 1, 'First', '2016-2017', 1, 0, ''),
(1458, 1000000164, 79, 1, 'First', '2016-2017', 1, 0, ''),
(1459, 1000000164, 80, 1, 'First', '2016-2017', 1, 0, ''),
(1460, 1000000164, 81, 1, 'First', '2016-2017', 1, 0, ''),
(1461, 1000000164, 82, 1, 'First', '2016-2017', 1, 0, ''),
(1462, 1000000164, 83, 1, 'First', '2016-2017', 1, 0, ''),
(1463, 1000000164, 84, 1, 'First', '2016-2017', 1, 0, ''),
(1464, 1000000164, 85, 1, 'First', '2016-2017', 1, 0, ''),
(1465, 1000000164, 86, 1, 'First', '2016-2017', 1, 0, ''),
(1466, 1000000163, 78, 1, 'First', '2016-2017', 1, 0, ''),
(1467, 1000000163, 79, 1, 'First', '2016-2017', 1, 0, ''),
(1468, 1000000163, 80, 1, 'First', '2016-2017', 1, 0, ''),
(1469, 1000000163, 81, 1, 'First', '2016-2017', 1, 0, ''),
(1470, 1000000163, 82, 1, 'First', '2016-2017', 1, 0, ''),
(1471, 1000000163, 83, 1, 'First', '2016-2017', 1, 0, ''),
(1472, 1000000163, 84, 1, 'First', '2016-2017', 1, 0, ''),
(1473, 1000000163, 85, 1, 'First', '2016-2017', 1, 0, ''),
(1474, 1000000163, 86, 1, 'First', '2016-2017', 1, 0, ''),
(1475, 1000000162, 176, 1, 'First', '2016-2017', 1, 0, ''),
(1476, 1000000162, 177, 1, 'First', '2016-2017', 1, 0, ''),
(1477, 1000000162, 178, 1, 'First', '2016-2017', 1, 0, ''),
(1478, 1000000162, 179, 1, 'First', '2016-2017', 1, 0, ''),
(1479, 1000000162, 180, 1, 'First', '2016-2017', 1, 0, ''),
(1480, 1000000162, 181, 1, 'First', '2016-2017', 1, 0, ''),
(1481, 1000000162, 182, 1, 'First', '2016-2017', 1, 0, ''),
(1482, 1000000162, 345, 1, 'First', '2016-2017', 1, 0, ''),
(1483, 100000098, 78, 1, 'First', '2016-2017', 1, 86.6, 'Passed'),
(1484, 100000098, 79, 1, 'First', '2016-2017', 1, 70, 'Failed'),
(1485, 100000098, 80, 1, 'First', '2016-2017', 1, 87.6, 'Passed'),
(1486, 100000098, 81, 1, 'First', '2016-2017', 1, 87, 'Passed'),
(1487, 100000098, 82, 1, 'First', '2016-2017', 1, 90.4, 'Passed'),
(1488, 100000098, 83, 1, 'First', '2016-2017', 1, 87, 'Passed'),
(1489, 100000098, 84, 1, 'First', '2016-2017', 1, 86.4, 'Passed'),
(1490, 100000098, 85, 1, 'First', '2016-2017', 1, 87, 'Passed'),
(1491, 100000098, 86, 1, 'First', '2016-2017', 1, 87.8, 'Passed'),
(1492, 1000000156, 78, 1, 'First', '2016-2017', 1, 0, ''),
(1493, 1000000156, 79, 1, 'First', '2016-2017', 1, 0, ''),
(1494, 1000000156, 80, 1, 'First', '2016-2017', 1, 0, ''),
(1495, 1000000156, 81, 1, 'First', '2016-2017', 1, 0, ''),
(1496, 1000000156, 82, 1, 'First', '2016-2017', 1, 0, ''),
(1497, 1000000156, 83, 1, 'First', '2016-2017', 1, 0, ''),
(1498, 1000000156, 84, 1, 'First', '2016-2017', 1, 0, ''),
(1499, 1000000156, 85, 1, 'First', '2016-2017', 1, 0, ''),
(1500, 1000000156, 86, 1, 'First', '2016-2017', 1, 0, '');

-- --------------------------------------------------------

--
-- Table structure for table `subject`
--

CREATE TABLE `subject` (
  `SUBJ_ID` int(11) NOT NULL,
  `SUBJ_CODE` varchar(30) NOT NULL,
  `SUBJ_DESCRIPTION` varchar(255) NOT NULL,
  `UNIT` int(2) NOT NULL,
  `COURSE_ID` int(11) NOT NULL,
  `SEMESTER` varchar(20) NOT NULL
) ENGINE=InnoDB DEFAULT CHARSET=latin1;

--
-- Dumping data for table `subject`
--

INSERT INTO `subject` (`SUBJ_ID`, `SUBJ_CODE`, `SUBJ_DESCRIPTION`, `UNIT`, `COURSE_ID`, `SEMESTER`) VALUES
(0, 'test', 'testtt', 1, 21, 'Second'),
(8, 'English Plus', 'English Plus', 3, 30, 'First'),
(14, 'NSTP1', 'National Service Training Program 1', 3, 53, 'First'),
(15, 'PE1', 'Physical Education 1', 2, 53, 'First'),
(16, 'HUMAN', 'Humanities', 3, 53, 'First'),
(17, 'COMART2', 'Communication Arts 2', 3, 53, 'Second'),
(18, 'COPRO-2', 'Computer Programming 2', 4, 53, 'Second'),
(19, 'DATSTRUC', 'Data Structures', 4, 53, 'Second'),
(20, 'DISTRUC', 'Discrete Structure', 3, 53, 'Second'),
(21, 'NSTP2', 'National Service Training Program 2', 3, 53, 'Second'),
(22, 'INTROART', 'Introduction to Arts', 3, 53, 'Second'),
(23, 'PE2', 'Physical Education 2', 2, 53, 'Second'),
(24, 'TRIGO', 'Trigonometry', 3, 53, 'Second'),
(25, 'COMART3', 'Communication Arts 3', 3, 54, 'First'),
(26, 'COPRO-3', 'Computer Programming 3', 4, 54, 'First'),
(27, 'LOGIC', 'Logic Design and Switching', 3, 54, 'First'),
(28, 'PHILGOV', 'Philippine Government', 3, 54, 'First'),
(29, 'PHYSICS1', 'Physics 1', 4, 54, 'First'),
(30, 'STAT', 'Statistics', 3, 54, 'First'),
(31, 'SOCSTUD', 'Social Studies', 3, 54, 'First'),
(32, 'PE3', 'Physical Education 3', 2, 54, 'First'),
(33, 'COMART4', 'Communication Arts 4', 3, 54, 'Second'),
(34, 'ASSEM', 'Assembly Language', 4, 54, 'Second'),
(35, 'PHILO', 'Philosophy', 3, 54, 'Second'),
(36, 'SADSIGN', 'System Analysis and Design', 3, 54, 'Second'),
(37, 'PHYSICS2', 'Physics 2', 4, 54, 'Second'),
(38, 'DBSYS', 'Theory Database Systems', 3, 54, 'Second'),
(39, 'PE4', 'Physical Education 4', 2, 54, 'Second'),
(40, 'Eng 111', 'CommunicationArts 1', 3, 30, 'First'),
(41, 'Fil 111', 'Kom sa Akad. Fil', 3, 30, 'First'),
(42, 'Math 1', 'Basic math ', 3, 30, 'First'),
(43, 'SCE 111', 'Earth Science', 3, 30, 'First'),
(44, 'Lit 111', 'Philippines Literature ', 3, 30, 'First'),
(45, 'Rdg 1', 'Dev. Reading 1', 3, 30, 'First'),
(46, 'Psych 116', 'General Psychology', 3, 30, 'First'),
(47, 'PE 111', ' Physical Fitness', 2, 30, 'First'),
(48, 'NSTP 111', 'National Service training program 1 ', 3, 30, 'First'),
(49, 'Eng 211', 'speech & oral communication', 3, 31, 'First'),
(50, 'Fil 211', 'Masining na pagpapahayag', 3, 31, 'First'),
(51, 'Lit 121 ', 'World literature', 3, 31, 'First'),
(52, 'SocSci 132', 'Rizal & other heroes ', 3, 31, 'First'),
(53, 'Ed 211', 'Child & adolescent Psychology', 3, 31, 'First'),
(54, 'Ed 212', 'Education Technology 1', 3, 31, 'First'),
(55, 'FS 1', 'Observation of learners Dev\'t & the school enviroment  ', 3, 31, 'First'),
(56, 'Eng 212', 'The Teaching Of speaking ', 3, 31, 'First'),
(57, 'Eng 213', 'The teaching of lsting & Rdg.', 2, 31, 'First'),
(58, 'PE 211', 'Team sports', 2, 31, 'First'),
(59, 'Stat 115', 'Intro. to Statistics ', 3, 32, 'First'),
(60, 'Ed 311', 'The teaching profession ', 3, 32, 'First'),
(61, 'Ed 312', 'Assessment of Teaching 2 ', 3, 32, 'First'),
(62, 'Ed 313', 'Principles of teaching', 3, 32, 'First'),
(63, 'FS 3', 'Micro-Teaching &the  use of technology', 1, 32, 'First'),
(64, 'Eng 311', 'Arfo- Asian Literature ', 3, 32, 'First'),
(65, 'Eng 312', 'Introduction to Stylistics ', 3, 32, 'First'),
(66, 'Eng 313', 'Translating & Editing of  text ', 3, 32, 'First'),
(67, 'Eng 314', 'Teaching Literature', 3, 32, 'First'),
(68, 'Ed 314', ' Teaching Multigrade Class', 1, 32, 'First'),
(69, 'Ed 412', 'Use of popular Media ', 1, 33, 'First'),
(70, 'FS 5', 'Assestment of student Learning ', 1, 33, 'First'),
(71, 'FS 6 ', 'Becoming a Teacher', 1, 33, 'First'),
(72, 'Hum116', 'Art , Man & Society', 3, 33, 'First'),
(73, 'Eng 411', 'language & literature assestment', 3, 33, 'First'),
(74, 'Eng 412', 'lang. Curr. for sec. sch.', 3, 33, 'First'),
(75, 'Eng 413', 'Literary Criticism ', 3, 33, 'First'),
(76, 'Eng 414', 'Language Research ', 3, 33, 'First'),
(77, 'Eng 415', 'Dramatic & Stagecrafts', 3, 33, 'First'),
(78, 'CS 113', 'Basic Software Package w/ Internet Application', 3, 42, 'First'),
(79, 'Eng 111', 'Communication Arts', 3, 42, 'First'),
(80, 'Fil 111', 'Kom. sa Akad. Fil', 3, 42, 'First'),
(81, 'Math 1', 'Basic Math', 3, 42, 'First'),
(82, 'SCE 111', 'Earth Science', 3, 42, 'First'),
(83, 'Read 1', 'Dev. Reading 1', 3, 42, 'First'),
(84, 'Psych 116', 'General Psycology', 3, 42, 'First'),
(85, 'PE 111', 'Physical Fitness', 2, 42, 'First'),
(86, 'NSTP 111', 'Nat\'l Service Trng. Prog. 1', 3, 42, 'First'),
(87, 'Eng 211', 'Speech and Oral Communication', 3, 43, 'First'),
(88, 'Fil 211', 'Masining na Pagpapahayag', 3, 43, 'First'),
(89, 'Lit 121', 'World Literature', 3, 43, 'First'),
(90, 'SocSci 132', 'Rizal and Other Heroes', 3, 43, 'First'),
(91, 'Ed 211', 'Child Psycology', 3, 43, 'First'),
(92, 'Ed 212', 'Educational Technology 1', 3, 43, 'First'),
(93, 'FS 1', 'Observation of Learning Dev\'t and the School Environment', 1, 43, 'First'),
(94, 'Eng 212', 'The Teaching of Speaking', 3, 43, 'First'),
(95, 'Math 3', 'Elem. Theory of Numbers', 3, 43, 'First'),
(96, 'PE 211', 'Team Sports', 2, 43, 'First'),
(97, 'JEEP Start 1', ' ', 3, 43, 'First'),
(98, 'Stat 115', 'Intro. To Statistics', 3, 44, 'First'),
(99, 'Ed 311', 'The Teaching Profession', 3, 44, 'First'),
(100, 'Ed 312', 'Assessment of Student Lrng. 1', 3, 44, 'First'),
(101, 'Ed 313', 'Priciples of Teaching 2', 3, 44, 'First'),
(102, 'FS 3', 'Micro-Teaching and the use of Technology', 3, 44, 'First'),
(103, 'SocSci 311', 'Basic Geography', 3, 44, 'First'),
(104, 'Chem 1', 'Basic Chemistry', 3, 44, 'First'),
(105, 'Fil 311', 'Pagpapahalagang Pampanitikan', 3, 44, 'First'),
(106, 'Math 5', 'Elementary Algebra', 3, 44, 'First'),
(107, 'Ed 314', 'Tchg. Multigrade Class', 1, 44, 'First'),
(108, 'Ed 412', 'Use of Popular Media', 1, 45, 'First'),
(109, 'FS 5', 'Assmt. of Study Learning', 1, 45, 'First'),
(110, 'FS 6', 'Becoming a Teacher', 1, 45, 'First'),
(111, 'Hum 116', 'Art, Man and Society', 3, 45, 'First'),
(112, 'Math 6', 'Mthds and Strat in Teaching Math', 3, 45, 'First'),
(113, 'SocSci 411', 'Geog. and Nat Res of Phil', 3, 45, 'First'),
(114, 'HELE 111', 'Home Economic and Livinhood Eductaion', 3, 45, 'First'),
(115, 'FS PT', 'Practice Teaching(Whole Day)', 6, 45, 'Second'),
(116, 'Ed 320', 'Methods of Research', 3, 44, 'Second'),
(117, 'Ed 321', 'Social Dimension of Educ.', 3, 44, 'Second'),
(118, 'Ed 322', 'Assessment of Study Lrng.', 3, 44, 'Second'),
(119, 'Ed 323', 'Environment Educ.', 1, 44, 'Second'),
(120, 'FS 4', 'Team Teaching: Exploring the Curr.', 1, 44, 'Second'),
(121, 'Lit 321', 'Children\'s Literature', 3, 44, 'Second'),
(122, 'Eng 321', 'Remedial Inst\'n in Eng', 3, 44, 'Second'),
(123, 'Hum 111', 'Intro. to Humanities', 3, 44, 'Second'),
(124, 'Econ 110', 'Prin. of Econ/AgRfm Tax and Coop', 3, 44, 'Second'),
(125, 'Phys 1', 'Fundamental of Physics', 3, 44, 'Second'),
(126, 'Ed 221', 'Facilitating Learning', 3, 43, 'Second'),
(127, 'Ed 222', 'Educational Technology 2', 3, 43, 'Second'),
(128, 'Ed 223', 'Curriculum Development', 3, 43, 'Second'),
(129, 'FS 2', 'Classroom Mgt. Skill', 1, 43, 'Second'),
(130, 'Eng 221', 'Creative Writing', 3, 43, 'Second'),
(131, 'Fil 221', 'Kontem Panitikang Fil', 3, 43, 'Second'),
(132, 'Math 4', 'Plans and Solid Geometry', 3, 43, 'Second'),
(133, 'PE 221', 'Recreational Activities', 2, 43, 'Second'),
(134, 'JEEP Start 1', ' ', 3, 43, 'Second'),
(135, 'Eng 121', 'Writing in the Disc.', 3, 42, 'Second'),
(136, 'Fil 121', 'Pagbasa at Pagsulat', 3, 42, 'Second'),
(137, 'Math 2', 'Contemporary Math', 3, 42, 'Second'),
(138, 'SCE 121', 'Survey of BioSci', 3, 42, 'Second'),
(139, 'SCE 122', 'Astronomy', 3, 42, 'Second'),
(140, 'Lit 111', 'Philippine Literature', 3, 42, 'Second'),
(141, 'Read 2', 'Development Rdg. 2', 3, 42, 'Second'),
(142, 'PE 121', 'Rhythmic Activities', 2, 42, 'Second'),
(143, 'NSTP 121', 'Nat\'l Service Trang. Prog. 2', 3, 42, 'Second'),
(144, 'Eng 411', 'Lang. and Lit, Assessmet', 3, 45, 'First'),
(146, 'Eng 121', 'Writing in Disc.', 3, 30, 'Second'),
(147, 'Fil 121', 'Pagbasa at Pagsulat', 3, 30, 'Second'),
(148, 'Math 2', 'Contemporary Math', 3, 30, 'Second'),
(149, 'Sce 121', 'Survey of BioSci', 3, 30, 'Second'),
(150, 'Econ 110', 'Prin. Econ/AgRfrm Tax Coop', 3, 30, 'Second'),
(151, 'CS 113', 'Basic Software Pkge. w/ Internet Application', 3, 30, 'Second'),
(152, 'Socio 115', 'Culture, Soc. and Fam w/ ARH', 3, 30, 'Second'),
(153, 'PE 121', 'Rhythmic Activities', 2, 30, 'Second'),
(154, 'NSTP 121', 'Nat\'l. Service Trng. Prog. 2', 3, 30, 'Second'),
(155, 'Ed 221', 'Facilitating Learning', 3, 31, 'Second'),
(156, 'Ed 222', 'Educational Technology 2', 3, 31, 'Second'),
(157, 'Ed 223', 'Curriculum Development', 3, 31, 'Second'),
(158, 'Ed 224', 'Principles of Teaching 1', 3, 31, 'Second'),
(159, 'FS 2', 'Classroom Mgt. Skills', 1, 31, 'Second'),
(160, 'Eng 221', 'Intro. to Linguistics', 3, 31, 'Second'),
(161, 'Eng 222', 'Campus Journalism', 3, 31, 'Second'),
(162, 'Eng 223', 'Creative Writing', 3, 31, 'Second'),
(163, 'Eng 224', 'Eng and Americal Lit.', 3, 31, 'Second'),
(164, 'PE 221', 'Recreational Activities', 2, 31, 'Second'),
(165, 'Ed 320', 'Methods of Research', 3, 32, 'Second'),
(166, 'Ed 322', 'Assessment of Stud. Lrng 2', 3, 32, 'Second'),
(167, 'FS 4', 'Team Tchng: Exploring the Curr.', 1, 32, 'Second'),
(168, 'Ed 321', 'Social Dimension of Educ. ', 3, 32, 'Second'),
(169, 'Ed 323', 'Environment Educ.', 1, 32, 'Second'),
(170, 'Eng 321', 'Remedial Instr\'n in Eng', 3, 32, 'Second'),
(171, 'Eng 323', 'Structure of English', 3, 32, 'Second'),
(172, 'Eng 324', 'Mythology and Folklore', 3, 32, 'Second'),
(173, 'Eng 325', 'Eng for Specific Purpose', 3, 32, 'Second'),
(174, 'Eng 322', 'Prep. and Evaluation of Instructional Materials', 3, 32, 'Second'),
(175, 'FS PT', 'Practice Teaching(Whole Day)', 6, 33, 'Second'),
(176, 'Eng 111', 'Communication skills', 3, 21, 'First'),
(177, 'Fil 111', 'Komunikasyon sa akademikong Pilipino', 3, 21, 'First'),
(178, 'Math 111', 'College algebra ', 3, 21, 'First'),
(179, 'CS 111', 'Basic software Package & Internet Application ', 3, 21, 'First'),
(180, 'Acctg 201', 'Fundamentals of Accounting 1', 3, 21, 'First'),
(181, 'PE 111', 'physical Fitness', 2, 21, 'First'),
(182, 'NSTP 111', 'national Service trng. Prog', 3, 21, 'First'),
(183, 'Hum 111', 'Art Man and Society', 3, 57, 'First'),
(184, 'Econ 111', 'Intro. To Economics w/ LRT', 3, 57, 'First'),
(185, 'Psycho 111', 'General Psychology', 3, 57, 'First'),
(186, 'Math 117', 'Calculus for Business', 3, 57, 'First'),
(187, 'Acctg 211', 'Financial Acctg & Reporting ', 3, 57, 'First'),
(188, 'Hist 111', 'Phil History w/ politics and gov\'t', 3, 57, 'First'),
(189, 'Eng 113', 'Speech and oral com.', 3, 57, 'First'),
(190, 'PE 113', 'Team Sports ', 2, 57, 'First'),
(191, 'Eng 114', 'Technical writng ', 3, 58, 'First'),
(192, 'Mgt 211', 'Human Behavior in Organization ', 3, 58, 'First'),
(193, 'Cost 211', 'Cost Acctg & Cost Mgt. 1', 3, 58, 'First'),
(194, 'Econ 114', 'MicroEconomic theory & Prac.', 3, 58, 'First'),
(195, 'CS 212', 'Funfd. of info. sys. Dev\'t', 3, 58, 'First'),
(196, 'Law 211', 'law on Obiligation & contracts', 3, 58, 'First'),
(197, 'Pol Sci 211', 'Good Governance & Social Resp', 3, 58, 'First'),
(198, 'Math 211', 'Quantitative Techniques in Business', 3, 58, 'First'),
(199, 'Econ 114', 'Management Economics ', 3, 59, 'First'),
(200, 'Entrep 212', 'Phil. business enviroment', 3, 59, 'First'),
(201, 'Law 213', 'Law on sales, labor & other Comi. laws', 3, 59, 'First'),
(202, 'Nat Sci 112', 'Physical Science ', 3, 59, 'First'),
(203, 'Entrep 213', 'Entrepreneurial Business Mgt', 3, 59, 'First'),
(204, 'Soc Sci 111', 'Life & Works of Rizal', 3, 59, 'First'),
(205, 'Bre 212', 'Business Research 11', 3, 59, 'First'),
(206, 'Eng 112', 'Writing in the Dicipline ', 3, 21, 'Second'),
(207, 'Fil 112', 'Pagbasa at Pagsulat tungo sa pananaliksik', 3, 21, 'Second'),
(208, 'Math 113', 'Mathematics of investment', 3, 21, 'Second'),
(209, 'CS 211', 'fund. Programming & database theory & appli.', 3, 21, 'Second'),
(210, 'Mgt 111', 'Principles of mgt. & Oraganization ', 3, 21, 'Second'),
(211, 'Acctg 202', 'Fundimentals of Accounting  11', 3, 21, 'Second'),
(212, 'PE 112', 'Rhythmic Activities ', 2, 21, 'Second'),
(213, 'NSTP 112', 'Nat.Service trng Prog. 2', 3, 21, 'Second'),
(215, 'Mktg 111', 'Principles of Marketing', 3, 57, 'Second'),
(216, 'Econ 112', 'Microeconomics Theory & Practice', 3, 57, 'Second'),
(217, 'Philos111', 'Philosophy, Values Ed. & works Ethics', 3, 57, 'Second'),
(218, 'Stat 113', 'Business Stat w/ Comp. App.', 3, 57, 'Second'),
(219, 'Acctg 212', 'Financial Accounting and Report II', 6, 57, 'Second'),
(220, 'Lit 111', 'Philippine Literature', 3, 57, 'Second'),
(221, 'Nat Sci', 'Siological Science', 3, 57, 'Second'),
(222, 'PE 114', 'Recreational Activities', 2, 57, 'Second'),
(231, 'CS 213', 'Accounting Information System', 3, 58, 'Second'),
(232, 'Bre 111', 'Business Research 1', 3, 58, 'Second'),
(233, 'Mgt 212', 'Mgt. Planning & Central Operation', 3, 58, 'Second'),
(234, 'Entrep 211', 'Industrial Relations', 3, 58, 'Second'),
(235, 'Law 212', 'Law on Business organization', 3, 58, 'Second'),
(236, 'Tax 211', 'Income Taxation', 3, 58, 'Second'),
(237, 'Mgt 213', 'Production and opreations Mgt.', 3, 58, 'Second'),
(238, 'Cost 212', 'Cost Acctg & Cost Mgt. II', 3, 58, 'Second'),
(246, 'Socio 111', 'Society and culture with family planning', 3, 59, 'Second'),
(247, 'Entrep 214', 'Sales management', 3, 59, 'Second'),
(248, 'Mgt 215', 'Business policies and formulation', 3, 59, 'Second'),
(249, 'Tax 212', 'Business and Transfer Taxes', 3, 59, 'Second'),
(250, 'Entrep 215', 'Strategic marketing management', 3, 59, 'Second'),
(251, 'OJT 211', 'On job training (200 hours)', 3, 59, 'Second'),
(252, 'Eng 111', 'Communication Arts 1', 3, 60, 'First'),
(253, 'Fil 111', 'Komunikasyon Sa akademikong Filipino ', 3, 60, 'First'),
(254, 'Math 111', 'College Algebra', 3, 60, 'First'),
(255, 'Psycho 111', 'Gen & Criminal Psychology w/ TVET', 3, 60, 'First'),
(256, 'Crim 211', 'Intro to Criminology', 3, 60, 'First'),
(257, 'Hist 111', 'Phillippine History', 3, 60, 'First'),
(258, 'SMGT 111', 'Security Mgt. and Service', 3, 60, 'First'),
(259, 'PE 111', 'Fundamentals of Matial Arts', 2, 60, 'First'),
(260, 'NSTP 111', 'Military Science 11', 3, 60, 'First'),
(261, 'Eng 113', 'Technical Report Writing ', 3, 61, 'First'),
(262, 'LEA 213', 'Industrial Sec. Mgt w/ TVET', 3, 61, 'First'),
(263, 'CLJ 211', 'Criminal Law (Book 1)', 3, 61, 'First'),
(264, 'Socio 111', 'Society & Culture w/ Pop Ed.', 3, 61, 'First'),
(265, 'Econ 111', 'Basic Economics w/ TAR', 3, 61, 'First'),
(266, 'Crimtic 211', 'Personnel Idenfication w/ TVET ', 3, 61, 'First'),
(267, 'CS 111', 'Basic Software Pkcg Int. Application', 3, 61, 'First'),
(268, 'FIl 113', 'Masining na pagpapahayag', 3, 61, 'First'),
(269, 'PE 211', 'First Aid & water Survival ', 2, 61, 'First'),
(278, 'CDI 215', 'Court Testimony', 3, 63, 'First'),
(279, 'CDI 217', 'Fire Tech & Arson Investigation ', 3, 63, 'First'),
(280, 'LEA 217', 'Police Intellegence', 3, 63, 'First'),
(281, 'LEA 218', 'International Policing ', 3, 63, 'First'),
(282, 'PerDev 111', 'Personality Development ', 3, 63, 'First'),
(283, 'Crim 215', 'Criminology  Research & Stat', 3, 63, 'First'),
(284, 'CLJ 214', 'Criminal Evidence ', 3, 63, 'First'),
(285, 'Review 211', 'Refresher Evidence 1', 3, 63, 'First'),
(286, 'Eng 112', 'Speech and oral Com.', 3, 60, 'Second'),
(287, 'Fil 120', 'Pagbasa at pagsulat tungo sa pananaliksik', 3, 60, 'Second'),
(288, 'Math 121', 'Plane trigonometry', 3, 60, 'Second'),
(289, 'LEA 211', 'PHIL Criminal justice', 3, 60, 'Second'),
(290, 'LEA 212', 'Police or. and administration', 2, 60, 'Second'),
(291, 'Ethics 111', 'Ethics and values', 3, 60, 'Second'),
(292, 'Pol Sci 111', 'Pol, Sci and Phil. Constitution', 3, 60, 'Second'),
(293, 'Hum 111', 'Logic ', 3, 60, 'Second'),
(294, 'PE 112', 'Disarming technique', 2, 60, 'Second'),
(295, 'NSTP 121', 'Military Science 12', 3, 60, 'Second'),
(296, 'Eng 113', 'Technical report wriring', 3, 61, 'First'),
(297, 'LEA 213', 'Industrial Sec. Mgt with TVET', 3, 61, 'First'),
(298, 'CLJ 211', 'Criminal Law (Book 1)', 3, 61, 'First'),
(300, 'Econ 111', 'Basic economics', 2, 61, 'First'),
(301, 'Crimtic 211', 'Basic Software pckg int App', 2, 61, 'First'),
(302, 'Fil 113', 'Masining na paglalayag', 3, 61, 'First'),
(303, 'PE 211', 'First Aid and water survival', 2, 61, 'First'),
(304, 'Eng 114', 'Technical report writing 2', 3, 61, 'Second'),
(305, 'Crim 213', 'Juvenile Deliquency and crime prevention', 3, 61, 'Second'),
(306, 'CDI 2111', 'Police patrol operation', 3, 61, 'Second'),
(307, 'Crimtic 212', 'Poloice photography', 3, 61, 'Second'),
(308, 'LEA 215', 'Fund of criminal investigation', 3, 61, 'Second'),
(309, 'SMGT 112', 'Security Mgt Services', 3, 61, 'Second'),
(310, 'PE 114', 'Marmanship and combat shooting', 2, 61, 'Second'),
(311, 'OJT', 'On job training', 2, 61, 'Second'),
(312, 'LEA 214', 'Police Comparative System', 3, 62, 'First'),
(313, 'LEA 216', 'Police personnel and record mgt.', 3, 62, 'First'),
(314, 'CLJ 212', 'Criminal law (Book 2)', 3, 62, 'First'),
(315, 'Chem 111', 'General Chemistry', 3, 62, 'First'),
(316, 'CDI 212', 'traffic Mgt. and accident investigation', 2, 62, 'First'),
(317, 'Crimtic 213', 'Forensic ballistic', 2, 62, 'First'),
(318, 'Crimtic 214', 'Questioned Document', 3, 62, 'First'),
(319, 'CDI 211', 'Institutional Correction', 3, 62, 'First'),
(320, 'Crimtic 215', 'Polgraphy ', 3, 62, 'Second'),
(321, 'LEA 219', 'Police Planning', 3, 62, 'Second'),
(322, 'CLJ 213', 'Criminal procedure', 3, 62, 'Second'),
(323, 'Chem 211', 'Forensic chem and toxiclology', 3, 62, 'Second'),
(324, 'CDI 216', 'White collar crime', 3, 62, 'Second'),
(325, 'CDI 214', 'Organized crime', 3, 62, 'Second'),
(326, 'Crimtic 216', 'Legal medicine', 3, 62, 'Second'),
(327, 'CA 212', 'Non Institutional Correction', 3, 62, 'Second'),
(328, 'Prac 1 & 2', 'ON JOB TRAINING', 6, 63, 'Second'),
(329, 'Review 211', 'Refreseher Course', 3, 63, 'Second'),
(330, 'FTS 11', 'Field trip seminar', 3, 63, 'Second'),
(344, 'Ed 224', 'principles of teaching 1', 3, 43, 'Second'),
(345, 'Fin 111', 'Basic Finance', 3, 21, 'First');

-- --------------------------------------------------------

--
-- Table structure for table `tblauto`
--

CREATE TABLE `tblauto` (
  `ID` int(11) NOT NULL,
  `autocode` varchar(255) DEFAULT NULL,
  `autoname` varchar(255) DEFAULT NULL,
  `appendchar` varchar(255) DEFAULT NULL,
  `autostart` int(11) DEFAULT 0,
  `autoend` int(11) DEFAULT 0,
  `incrementvalue` int(11) DEFAULT NULL
) ENGINE=MyISAM DEFAULT CHARSET=utf8;

--
-- Dumping data for table `tblauto`
--

INSERT INTO `tblauto` (`ID`, `autocode`, `autoname`, `appendchar`, `autostart`, `autoend`, `incrementvalue`) VALUES
(1, 'Asset', 'Asset', 'ASitem', 0, 3, 1),
(2, 'Trans', 'Transaction', 'TrAnS', 1, 5, 1),
(3, 'SIDNO', 'IDNO', '2015', 1000000, 202, 1),
(4, 'EMPLOYEE', 'EMPID', '020010', 0, 2, 1);

-- --------------------------------------------------------

--
-- Table structure for table `tblinstructor`
--

CREATE TABLE `tblinstructor` (
  `INST_ID` int(11) NOT NULL,
  `INST_NAME` varchar(90) NOT NULL,
  `INST_MAJOR` varchar(90) NOT NULL,
  `INST_CONTACT` varchar(30) NOT NULL
) ENGINE=InnoDB DEFAULT CHARSET=latin1;

--
-- Dumping data for table `tblinstructor`
--

INSERT INTO `tblinstructor` (`INST_ID`, `INST_NAME`, `INST_MAJOR`, `INST_CONTACT`) VALUES
(1, 'Joker Villanueva', 'Programming', '091873648495'),
(2, 'Melanie M. Katigbak', 'English', '09801127665'),
(3, 'Kenneth John L. Mayo', 'IT', '09097767654'),
(4, 'Cliff A. Belano', 'Physics', '09347787366'),
(5, 'Heidi U. Ignacio', 'Accounting', '09127767746'),
(6, 'Lorelie B. Bustos', 'Mathematics', '09127738774'),
(7, 'Jenard G. Ticong', 'Physical Education', '09127786774'),
(8, 'Gina D. Parilla', 'English', '09887764746'),
(9, 'Fernando R. Reyes', 'Mathematics', '09127787654'),
(10, 'Virgil K. Delatin', 'IT', '09127787664'),
(11, 'Lovelyn A. Durano', 'Filipino', '09667877637'),
(12, 'Ramon Alamda', 'Mathematics', '09275663345'),
(13, 'Richard Alamada', 'Psycology', '09264566789'),
(14, 'Daemon Gomez', 'Economics', '09098756443'),
(15, 'Noemi Mangelen', 'History', '09265644765'),
(16, 'Kenneth Almazan', 'Marketing', '09254566451'),
(17, 'Rene Alabra', 'Philosophy', '09256744585'),
(18, 'Regine Razor', 'Literature', '09267544673'),
(19, 'Shai Regardos', 'Nat Sci', '09265473223'),
(20, 'Hana James', 'Law', '09287656778'),
(21, 'Amy Musali', 'Political Science', '09098756772'),
(22, 'Fhai Kilosyo', 'Business Enterprenuership', '09278744678'),
(23, 'Kim Fajardo', 'Social Science', '09275644563'),
(24, 'Hana Hugo', 'English', '09098767445'),
(25, 'Johari Samadalan', 'Biology', '09254675334'),
(26, 'Kinohi Arakashi', 'General Science', '09256734876'),
(27, 'Sharmine Hidalgo', 'Filipino', '09264734621'),
(28, 'Tantan Exiomo', 'English', '09253234532'),
(29, 'Gerald Bustos', 'Humanities', '09284537593'),
(30, 'Kay Abad', 'Financial Management', '09287635452'),
(31, 'Recardo Piang', 'English', '09264537432'),
(32, 'Edgard Sumayaw', 'Physical Education', '09276438532');

-- --------------------------------------------------------

--
-- Table structure for table `tbllogs`
--

CREATE TABLE `tbllogs` (
  `LOGID` int(11) NOT NULL,
  `USERID` int(11) NOT NULL,
  `LOGDATETIME` datetime NOT NULL,
  `LOGROLE` varchar(55) NOT NULL,
  `LOGMODE` varchar(55) NOT NULL
) ENGINE=InnoDB DEFAULT CHARSET=latin1;

--
-- Dumping data for table `tbllogs`
--

INSERT INTO `tbllogs` (`LOGID`, `USERID`, `LOGDATETIME`, `LOGROLE`, `LOGMODE`) VALUES
(0, 1, '2022-04-04 00:48:22', 'Administrator', 'Logged out');

-- --------------------------------------------------------

--
-- Table structure for table `tblschedule`
--

CREATE TABLE `tblschedule` (
  `schedID` int(11) NOT NULL,
  `TIME_FROM` varchar(90) NOT NULL,
  `TIME_TO` varchar(90) NOT NULL,
  `sched_time` varchar(30) NOT NULL,
  `sched_day` varchar(30) NOT NULL,
  `sched_semester` varchar(30) NOT NULL,
  `sched_sy` varchar(30) NOT NULL,
  `sched_room` varchar(30) NOT NULL,
  `SECTION` varchar(30) NOT NULL,
  `COURSE_ID` int(11) NOT NULL,
  `SUBJ_ID` int(11) NOT NULL,
  `INST_ID` int(11) NOT NULL
) ENGINE=InnoDB DEFAULT CHARSET=latin1;

--
-- Dumping data for table `tblschedule`
--

INSERT INTO `tblschedule` (`schedID`, `TIME_FROM`, `TIME_TO`, `sched_time`, `sched_day`, `sched_semester`, `sched_sy`, `sched_room`, `SECTION`, `COURSE_ID`, `SUBJ_ID`, `INST_ID`) VALUES
(260, '07:30 am', '08:30 am', '07:30 am-08:30 am', 'MWF', 'First', '2016-2017', '5', '1', 21, 176, 2),
(261, '09:30 am', '10:30 am', '09:30 am-10:30 am', 'MWF', 'First', '2016-2017', '1', '1', 21, 177, 11),
(262, '10:30 am', '11:30 am', '10:30 am-11:30 am', 'MWF', 'First', '2016-2017', '19', '1', 21, 178, 6),
(263, '12:30 pm', '01:30 pm', '12:30 pm-01:30 pm', 'MWF', 'First', '2016-2017', '7', '1', 21, 179, 3),
(264, '07:30 am', '09:30 am', '07:30 am-09:30 am', 'T', 'First', '2016-2017', '4', '1', 21, 181, 1),
(265, '10:30 am', '12:00 pm', '10:30 am-12:00 pm', 'TTH', 'First', '2016-2017', '1', '1', 21, 182, 8),
(267, '03:30 pm', '04:30 pm', '03:30 pm-04:30 pm', 'MWF', 'First', '2016-2017', '20', '1', 21, 180, 5),
(268, '07:30 am', '08:30 am', '07:30 am-08:30 am', 'MWF', 'Second', '2016-2017', '10', '1', 21, 206, 2),
(269, '08:30 am', '09:30 am', '08:30 am-09:30 am', 'MWF', 'Second', '2016-2017', '5', '1', 21, 207, 11),
(270, '10:30 am', '11:30 am', '10:30 am-11:30 am', 'MWF', 'Second', '2016-2017', '3', '1', 21, 208, 6),
(271, '12:30 pm', '02:30 pm', '12:30 pm-02:30 pm', 'M', 'Second', '2016-2017', '2', '1', 21, 212, 7),
(272, '03:30 pm', '04:30 pm', '03:30 pm-04:30 pm', 'MWF', 'Second', '2016-2017', '9', '1', 21, 209, 8),
(273, '07:30 am', '09:00 am', '07:30 am-09:00 am', 'TTH', 'Second', '2016-2017', '9', '1', 21, 213, 8),
(274, '09:00 am', '10:30 am', '09:00 am-10:30 am', 'TTH', 'Second', '2016-2017', '10', '1', 21, 210, 5),
(275, '01:30 pm', '03:00 pm', '01:30 pm-03:00 pm', 'TTH', 'Second', '2016-2017', '9', '1', 21, 211, 5),
(276, '07:30 am', '08:30 am', '07:30 am-08:30 am', 'MWF', 'First', '2016-2017', '17', '1', 57, 183, 5),
(277, '08:30 am', '09:30 am', '08:30 am-09:30 am', 'MWF', 'First', '2016-2017', '9', '1', 57, 184, 14),
(278, '10:30 am', '11:30 am', '10:30 am-11:30 am', 'MWF', 'First', '2016-2017', '4', '1', 57, 185, 13),
(279, '11:30 am', '12:30 pm', '11:30 am-12:30 pm', 'MWF', 'First', '2016-2017', '8', '1', 57, 186, 6),
(280, '01:30 pm', '02:30 pm', '01:30 pm-02:30 pm', 'MWF', 'First', '2016-2017', '14', '1', 57, 187, 5),
(281, '07:30 am', '09:00 am', '07:30 am-09:00 am', 'TTH', 'First', '2016-2017', '20', '1', 57, 188, 15),
(282, '09:00 am', '10:30 am', '09:00 am-10:30 am', 'TTH', 'First', '2016-2017', '1', '1', 57, 189, 2),
(283, '01:30 pm', '03:30 pm', '01:30 pm-03:30 pm', 'T', 'First', '2016-2017', '5', '1', 57, 190, 7),
(284, '07:30 am', '08:30 am', '07:30 am-08:30 am', 'MWF', 'Second', '2016-2017', '6', '1', 57, 215, 16),
(285, '08:30 am', '09:30 am', '08:30 am-09:30 am', 'MWF', 'Second', '2016-2017', '1', '1', 57, 216, 14),
(286, '10:30 am', '11:30 am', '10:30 am-11:30 am', 'MWF', 'Second', '2016-2017', '19', '1', 57, 217, 17),
(287, '11:30 am', '12:30 pm', '11:30 am-12:30 pm', 'MWF', 'Second', '2016-2017', '2', '1', 57, 218, 9),
(288, '01:30 pm', '02:30 pm', '01:30 pm-02:30 pm', 'MWF', 'Second', '2016-2017', '11', '1', 57, 219, 5),
(289, '03:30 pm', '04:30 pm', '03:30 pm-04:30 pm', 'MWF', 'Second', '2016-2017', '1', '1', 57, 220, 18),
(290, '09:00 am', '10:30 am', '09:00 am-10:30 am', 'TTH', 'Second', '2016-2017', '6', '1', 57, 221, 19),
(291, '03:00 pm', '05:00 pm', '03:00 pm-05:00 pm', 'TH', 'Second', '2016-2017', '2', '1', 57, 222, 7),
(292, '07:30 am', '08:30 am', '07:30 am-08:30 am', 'MWF', 'First', '2016-2017', '2', '1', 58, 191, 8),
(293, '08:30 am', '09:30 am', '08:30 am-09:30 am', 'MWF', 'First', '2016-2017', '12', '1', 58, 192, 6),
(294, '10:30 am', '11:30 am', '10:30 am-11:30 am', 'MWF', 'First', '2016-2017', '6', '', 58, 193, 5),
(295, '11:30 am', '12:30 pm', '11:30 am-12:30 pm', 'MWF', 'First', '2016-2017', '1', '1', 58, 194, 14),
(296, '01:30 pm', '02:30 pm', '01:30 pm-02:30 pm', 'MWF', 'First', '2016-2017', '7', '1', 58, 195, 1),
(297, '07:30 am', '09:00 am', '07:30 am-09:00 am', 'TTH', 'First', '2016-2017', '1', '1', 58, 196, 20),
(298, '04:30 pm', '06:00 pm', '04:30 pm-06:00 pm', 'TTH', 'First', '2016-2017', '15', '1', 58, 197, 21),
(299, '03:30 pm', '04:30 pm', '03:30 pm-04:30 pm', 'MWF', 'First', '2016-2017', '2', '1', 58, 198, 9),
(300, '07:30 am', '08:30 am', '07:30 am-08:30 am', 'MWF', 'Second', '2016-2017', '15', '1', 58, 231, 1),
(301, '09:30 am', '10:30 am', '09:30 am-10:30 am', 'MWF', 'Second', '2016-2017', '5', '1', 58, 232, 22),
(302, '01:30 pm', '02:30 pm', '01:30 pm-02:30 pm', 'MWF', 'Second', '2016-2017', '10', '1', 58, 235, 20),
(303, '02:30 pm', '03:30 pm', '02:30 pm-03:30 pm', 'MWF', 'Second', '2016-2017', '16', '1', 58, 236, 5),
(304, '04:30 pm', '05:30 pm', '04:30 pm-05:30 pm', 'MWF', 'Second', '2016-2017', '11', '1', 58, 233, 5),
(305, '07:30 am', '09:00 am', '07:30 am-09:00 am', 'TTH', 'Second', '2016-2017', '5', '1', 58, 234, 22),
(306, '09:00 am', '10:30 am', '09:00 am-10:30 am', 'TTH', 'Second', '2016-2017', '17', '1', 58, 237, 22),
(307, '01:30 pm', '03:00 pm', '01:30 pm-03:00 pm', 'TTH', 'Second', '2016-2017', '8', '1', 58, 238, 9),
(308, '07:30 am', '08:30 am', '07:30 am-08:30 am', 'MWF', 'First', '2016-2017', '12', '1', 59, 199, 14),
(309, '09:30 am', '10:30 am', '09:30 am-10:30 am', 'MWF', 'First', '2016-2017', '9', '1', 59, 200, 22),
(310, '01:30 pm', '02:30 pm', '01:30 pm-02:30 pm', 'MWF', 'First', '2016-2017', '12', '1', 59, 201, 20),
(311, '03:30 pm', '04:30 pm', '03:30 pm-04:30 pm', 'MWF', 'First', '2016-2017', '19', '1', 59, 202, 19),
(312, '04:30 pm', '05:30 pm', '04:30 pm-05:30 pm', 'MWF', 'First', '2016-2017', '5', '1', 59, 203, 22),
(313, '09:00 am', '10:30 am', '09:00 am-10:30 am', 'TTH', 'First', '2016-2017', '9', '1', 59, 204, 23),
(314, '01:30 pm', '03:00 pm', '01:30 pm-03:00 pm', 'TTH', 'First', '2016-2017', '12', '1', 59, 205, 22),
(315, '07:30 am', '08:30 am', '07:30 am-08:30 am', 'MWF', 'Second', '2016-2017', '18', '1', 59, 246, 23),
(316, '09:30 am', '10:30 am', '09:30 am-10:30 am', 'MWF', 'Second', '2016-2017', '7', '1', 59, 247, 22),
(317, '10:30 am', '11:30 am', '10:30 am-11:30 am', 'MWF', 'Second', '2016-2017', '9', '1', 59, 248, 5),
(318, '09:00 am', '10:30 am', '09:00 am-10:30 am', 'TTH', 'Second', '2016-2017', '8', '1', 59, 249, 9),
(319, '10:30 am', '12:00 pm', '10:30 am-12:00 pm', 'TTH', 'Second', '2016-2017', '15', '1', 59, 250, 22),
(320, '01:30 pm', '03:00 pm', '01:30 pm-03:00 pm', 'TTH', 'Second', '2016-2017', '10', '1', 59, 251, 22),
(321, '07:30 am', '09:00 am', '07:30 am-09:00 am', 'TTH', 'First', '2016-2017', '3', '1', 42, 79, 24),
(322, '09:00 am', '11:00 am', '09:00 am-11:00 am', 'TH', 'First', '2016-2017', '6', '1', 42, 85, 7),
(323, '01:30 pm', '02:30 pm', '01:30 pm-02:30 pm', 'MWF', 'First', '2016-2017', '13', '1', 42, 78, 3),
(324, '04:30 pm', '05:30 pm', '04:30 pm-05:30 pm', 'MWF', 'First', '2016-2017', '2', '1', 42, 86, 8),
(325, '01:30 pm', '03:00 pm', '01:30 pm-03:00 pm', 'TTH', 'First', '2016-2017', '1', '1', 42, 81, 6),
(326, '04:30 pm', '06:00 pm', '04:30 pm-06:00 pm', 'TTH', 'First', '2016-2017', '4', '1', 42, 83, 24),
(327, '07:30 am', '09:30 am', '07:30 am-09:30 am', 'W', 'First', '2016-2017', '2', '1', 42, 85, 7),
(328, '07:30 am', '09:30 am', '07:30 am-09:30 am', 'W', 'Second', '2016-2017', '2', '1', 42, 142, 7),
(329, '07:30 am', '08:30 am', '07:30 am-08:30 am', 'MWF', 'First', '2016-2017', '9', '1', 42, 80, 11),
(330, '10:30 am', '11:30 am', '10:30 am-11:30 am', 'MWF', 'Second', '2016-2017', '8', '1', 42, 135, 24),
(331, '01:30 pm', '02:30 pm', '01:30 pm-02:30 pm', 'MWF', 'Second', '2016-2017', '4', '1', 42, 136, 11),
(332, '02:30 pm', '03:30 pm', '02:30 pm-03:30 pm', 'MWF', 'Second', '2016-2017', '7', '1', 42, 137, 9),
(333, '04:30 pm', '05:30 pm', '04:30 pm-05:30 pm', 'MWF', 'Second', '2016-2017', '8', '1', 42, 138, 25),
(334, '07:30 am', '09:00 am', '07:30 am-09:00 am', 'TTH', 'Second', '2016-2017', '10', '1', 42, 139, 26),
(335, '10:30 am', '12:00 pm', '10:30 am-12:00 pm', 'TTH', 'Second', '2016-2017', '13', '1', 42, 140, 18),
(336, '01:30 pm', '03:00 pm', '01:30 pm-03:00 pm', 'TTH', 'Second', '2016-2017', '13', '1', 42, 141, 8),
(337, '03:00 pm', '04:30 pm', '03:00 pm-04:30 pm', 'TTH', 'Second', '2016-2017', '14', '1', 42, 143, 8),
(338, '07:30 am', '08:30 am', '07:30 am-08:30 am', 'MWF', 'First', '2016-2017', '20', '1', 43, 90, 23),
(339, '08:30 am', '09:30 am', '08:30 am-09:30 am', 'MWF', 'First', '2016-2017', '2', '1', 43, 89, 18),
(340, '10:30 am', '11:30 am', '10:30 am-11:30 am', 'MWF', 'First', '2016-2017', '2', '1', 43, 91, 2),
(341, '01:30 pm', '02:30 pm', '01:30 pm-02:30 pm', 'MWF', 'First', '2016-2017', '6', '1', 43, 95, 6),
(342, '03:30 pm', '05:30 pm', '03:30 pm-05:30 pm', 'M', 'First', '2016-2017', '1', '1', 43, 96, 7),
(343, '09:00 am', '10:30 am', '09:00 am-10:30 am', 'MWF', 'First', '2016-2017', '8', '1', 43, 92, 8),
(344, '10:30 am', '12:00 pm', '10:30 am-12:00 pm', 'TTH', 'First', '2016-2017', '5', '1', 43, 87, 24),
(345, '01:30 pm', '03:00 pm', '01:30 pm-03:00 pm', 'TTH', 'First', '2016-2017', '11', '1', 43, 94, 24),
(346, '03:00 pm', '04:00 pm', '03:00 pm-04:00 pm', 'T', 'First', '2016-2017', '13', '1', 43, 93, 2),
(347, '04:30 pm', '06:00 pm', '04:30 pm-06:00 pm', 'TTH', 'First', '2016-2017', '1', '1', 43, 88, 11),
(348, '08:30 am', '09:30 am', '08:30 am-09:30 am', 'MWF', 'Second', '2016-2017', '17', '1', 31, 155, 24),
(349, '10:30 am', '11:30 am', '10:30 am-11:30 am', 'MWF', 'Second', '2016-2017', '20', '1', 43, 128, 8),
(350, '11:30 am', '12:30 pm', '11:30 am-12:30 pm', 'MWF', 'Second', '2016-2017', '18', '1', 43, 344, 2),
(351, '08:30 am', '09:30 am', '08:30 am-09:30 am', 'M', 'Second', '2016-2017', '12', '1', 43, 129, 24),
(352, '10:30 am', '12:00 pm', '10:30 am-12:00 pm', 'TTH', 'Second', '2016-2017', '19', '1', 43, 126, 2),
(353, '09:00 am', '10:30 am', '09:00 am-10:30 am', 'TTH', 'Second', '2016-2017', '2', '1', 43, 131, 11),
(354, '01:30 pm', '03:00 pm', '01:30 pm-03:00 pm', 'TTH', 'Second', '2016-2017', '3', '1', 43, 132, 12),
(355, '04:30 pm', '06:30 pm', '04:30 pm-06:30 pm', 'T', 'Second', '2016-2017', '3', '1', 43, 133, 7),
(356, '07:30 am', '08:30 am', '07:30 am-08:30 am', 'MWF', 'First', '2016-2017', '4', '1', 44, 98, 12),
(357, '09:30 am', '10:30 am', '09:30 am-10:30 am', 'MWF', 'First', '2016-2017', '8', '1', 44, 105, 0),
(358, '09:30 am', '10:30 am', '09:30 am-10:30 am', 'MWF', 'First', '2016-2017', '8', '1', 44, 105, 0),
(359, '10:30 am', '11:30 am', '10:30 am-11:30 am', 'MWF', 'First', '2016-2017', '1', '1', 44, 106, 12),
(360, '01:30 pm', '02:30 pm', '01:30 pm-02:30 pm', 'MWF', 'First', '2016-2017', '2', '1', 44, 103, 26),
(361, '03:30 pm', '04:30 pm', '03:30 pm-04:30 pm', 'MWF', 'First', '2016-2017', '4', '1', 44, 104, 26),
(362, '05:30 pm', '06:30 pm', '05:30 pm-06:30 pm', 'F', 'First', '2016-2017', '5', '1', 44, 102, 2),
(363, '07:30 am', '09:00 am', '07:30 am-09:00 am', 'TTH', 'First', '2016-2017', '5', '1', 44, 99, 0),
(364, '09:30 am', '10:30 am', '09:30 am-10:30 am', 'MWF', 'First', '2016-2017', '17', '1', 44, 105, 27),
(365, '07:30 am', '09:00 am', '07:30 am-09:00 am', 'THH', 'First', '2016-2017', '6', '1', 44, 99, 2),
(366, '09:00 am', '10:30 am', '09:00 am-10:30 am', 'TTH', 'First', '2016-2017', '4', '1', 44, 100, 28),
(367, '12:00 pm', '01:30 pm', '12:00 pm-01:30 pm', 'TTH', 'First', '2016-2017', '2', '1', 44, 101, 0),
(369, '03:00 pm', '04:30 pm', '03:00 pm-04:30 pm', 'TTH', 'First', '2016-2017', '19', '1', 44, 107, 28),
(370, '04:30 pm', '05:30 pm', '04:30 pm-05:30 pm', 'MWF', 'Second', '2016-2017', '12', '1', 44, 118, 2),
(371, '07:30 am', '09:00 am', '07:30 am-09:00 am', 'TTH', 'Second', '2016-2017', '11', '1', 44, 119, 2),
(372, '09:00 am', '10:30 am', '09:00 am-10:30 am', 'T', 'Second', '2016-2017', '18', '1', 44, 120, 2),
(373, '01:30 pm', '03:00 pm', '01:30 pm-03:00 pm', 'TTH', 'Second', '2016-2017', '15', '1', 44, 116, 2),
(374, '03:00 pm', '04:30 pm', '03:00 pm-04:30 pm', 'TTH', 'Second', '2016-2017', '15', '1', 44, 122, 2),
(375, '01:30 pm', '03:00 pm', '01:30 pm-03:00 pm', 'TTH', 'Second', '2016-2017', '17', '1', 44, 123, 29),
(376, '04:30 pm', '06:00 pm', '04:30 pm-06:00 pm', 'TTH', 'Second', '2016-2017', '2', '1', 44, 124, 14),
(377, '07:30 am', '08:30 am', '07:30 am-08:30 am', 'MWF', 'Second', '2016-2017', '16', '1', 44, 125, 26),
(378, '08:30 am', '09:30 am', '08:30 am-09:30 am', 'MWF', 'Second', '2016-2017', '10', '1', 44, 116, 2),
(379, '09:30 am', '10:30 am', '09:30 am-10:30 am', 'MWF', 'Second', '2016-2017', '2', '1', 44, 121, 18),
(380, '07:30 am', '08:30 am', '07:30 am-08:30 am', 'MWF', 'First', '2016-2017', '1', '1', 45, 114, 28),
(381, '08:30 am', '09:30 am', '08:30 am-09:30 am', 'M', 'First', '2016-2017', '7', '1', 45, 109, 2),
(382, '10:30 am', '11:30 am', '10:30 am-11:30 am', 'WMF', 'First', '2016-2017', '5', '1', 45, 108, 28),
(383, '01:30 pm', '02:30 pm', '01:30 pm-02:30 pm', 'MWF', 'First', '2016-2017', '5', '1', 45, 111, 29),
(384, '07:30 am', '09:00 am', '07:30 am-09:00 am', 'TTH', 'First', '2016-2017', '4', '1', 45, 113, 23),
(385, '10:30 am', '12:00 am', '10:30 am-12:00 am', 'TTH', 'First', '2016-2017', '6', '1', 45, 110, 2),
(388, '03:00 pm', '04:30 pm', '03:00 pm-04:30 pm', 'TTH', 'First', '2016-2017', '5', '1', 21, 345, 30),
(390, '03:00 pm', '04:30 pm', '03:00 pm-04:30 pm', 'TTH', 'First', '2016-2017', '7', '1', 45, 144, 8),
(391, '08:30 am', '09:30 am', '08:30 am-09:30 am', 'M', 'Second', '2016-2017', '8', '1', 45, 115, 8),
(392, '12:00 pm', '01:30 pm', '12:00 pm-01:30 pm', 'TTH', 'First', '2016-2017', '3', '1', 42, 84, 13),
(393, '07:30 am', '08:30 am', '07:30 am-08:30 am', 'MWF', 'First', '2016-2017', '7', '2', 42, 84, 13),
(394, '08:30 am', '09:30 am', '08:30 am-09:30 am', 'MWF', 'First', '2016-2017', '4', '2', 42, 79, 8),
(395, '10:30 am', '11:30 am', '10:30 am-11:30 am', 'MWF', 'First', '2016-2017', '7', '2', 42, 78, 1),
(396, '02:30 pm', '03:30 pm', '02:30 pm-03:30 pm', 'MWF', 'First', '2016-2017', '1', '2', 42, 80, 11),
(397, '04:30 pm', '05:30 pm', '04:30 pm-05:30 pm', 'MWF', 'First', '2016-2017', '1', '2', 42, 81, 12),
(398, '09:00 am', '10:30 am', '09:00 am-10:30 am', 'TTH', 'First', '2016-2017', '5', '2', 42, 78, 26),
(399, '07:30 am', '09:00 am', '07:30 am-09:00 am', 'TTH', 'First', '2016-2017', '7', '2', 42, 83, 28),
(402, '01:30 pm', '03:30 pm', '01:30 pm-03:30 pm', 'T', 'First', '2016-2017', '2', '2', 42, 85, 32),
(403, '04:30 pm', '06:00 pm', '04:30 pm-06:00 pm', 'TTH', 'First', '2016-2017', '5', '2', 42, 86, 8),
(404, '08:30 am', '09:30 am', '08:30 am-09:30 am', 'MWF', 'Second', '2016-2017', '6', '2', 42, 135, 28),
(405, '07:30 am', '09:00 am', '07:30 am-09:00 am', 'TTH', 'Second', '2016-2017', '8', '2', 42, 136, 11),
(406, '07:30 am', '08:30 am', '07:30 am-08:30 am', 'MWF', 'Second', '2016-2017', '8', '2', 42, 137, 6),
(407, '10:30 am', '11:30 am', '10:30 am-11:30 am', 'MWF', 'Second', '2016-2017', '10', '2', 42, 138, 25),
(408, '02:30 pm', '03:30 pm', '02:30 pm-03:30 pm', 'MWF', 'Second', '2016-2017', '4', '2', 42, 139, 26),
(409, '01:30 pm', '03:00 pm', '01:30 pm-03:00 pm', 'TTH', 'Second', '2016-2017', '6', '2', 42, 140, 18),
(410, '03:00 pm', '04:30 pm', '03:00 pm-04:30 pm', 'MWF', 'Second', '2016-2017', '3', '2', 42, 141, 31),
(411, '04:30 pm', '06:30 pm', '04:30 pm-06:30 pm', 'TH', 'Second', '2016-2017', '1', '2', 42, 142, 32),
(412, '09:30 am', '10:30 am', '09:30 am-10:30 am', 'MWF', 'Second', '2016-2017', '3', '2', 42, 143, 31);

-- --------------------------------------------------------

--
-- Table structure for table `tblsemester`
--

CREATE TABLE `tblsemester` (
  `SEMID` int(11) NOT NULL,
  `SEMESTER` varchar(90) NOT NULL,
  `SETSEM` tinyint(1) NOT NULL
) ENGINE=InnoDB DEFAULT CHARSET=latin1;

--
-- Dumping data for table `tblsemester`
--

INSERT INTO `tblsemester` (`SEMID`, `SEMESTER`, `SETSEM`) VALUES
(1, 'First', 0),
(2, 'Second', 1);

-- --------------------------------------------------------

--
-- Table structure for table `tblstuddetails`
--

CREATE TABLE `tblstuddetails` (
  `DETAIL_ID` int(11) NOT NULL,
  `GUARDIAN` varchar(255) NOT NULL,
  `GUARDIAN_ADDRESS` varchar(255) NOT NULL,
  `GCONTACT` varchar(40) NOT NULL,
  `IDNO` int(30) NOT NULL
) ENGINE=InnoDB DEFAULT CHARSET=latin1;

--
-- Dumping data for table `tblstuddetails`
--

INSERT INTO `tblstuddetails` (`DETAIL_ID`, `GUARDIAN`, `GUARDIAN_ADDRESS`, `GCONTACT`, `IDNO`) VALUES
(1, 'Bless Paredes', '', '09306587988', 100000056),
(2, 'Marie Sanchez', '', '09305685455', 100000056),
(3, 'Maria Palacios', '', '09282622522', 100000057),
(4, 'Jenile Uy', '', '09307890988', 100000058),
(5, 'Rex Lacson', '', '09302564877', 100000061),
(6, 'Drey Gibson', '', '09212548759', 100000061),
(7, 'Jean lacson', '', '09125465885', 100000062),
(8, 'Marites Geasin', '', '09305478952', 100000067),
(9, 'caryl', '', '09206487985', 100000068),
(10, 'Ariel Kalinga', '', '09205478595', 100000069),
(11, 'Ariel Kalinga', '', '09205478595', 100000069),
(12, 'arian clavia', '', '09212343211', 100000071),
(13, 'Hector Mangelen', '', '09287655567', 100000073),
(14, 'Richard Henong', '', '09276456778', 100000076),
(15, 'Ken Alamada', '', '09421550883', 100000077),
(16, 'Mr. Plisaman', '', '09179959869', 100000079),
(17, 'Bernard Madriaga', '', '09265544678', 100000080),
(18, 'Mr. tesoro', '', '09351234567', 100000081),
(19, 'Bernard Cadelina', '', '09179959869', 100000083),
(20, 'Icer Yvas Exiomo', '', '09284578643', 100000084),
(21, 'Baltazar Votacion Sr.', '', '09285764455', 100000085),
(22, 'Ronald Dorado', '', '09287544590', 100000086),
(23, 'Ray Dela Cruz', '', '09275633786', 100000087),
(24, 'Ronaldo Catalan', '', '09267544795', 100000088),
(25, 'Raynaldo Cordero', '', '09287756622', 100000090),
(26, 'Norhan Mangulamas', '', '09256788098', 100000091),
(27, 'Richard Legazpi', '', '09287566452', 100000092),
(28, 'Mr. Betito', '', '09878576453', 100000093),
(29, 'Mr. Betito', '', '09129877837', 100000094),
(30, 'Mr. Betito', '', '09128776674', 100000095),
(31, 'Mr. Mangulamas', '', '09998786756', 100000096),
(32, 'Mr. Angeles', '', '09127765746', 100000097),
(33, 'Mr. Merquillo', '', '9098877653', 100000098),
(34, 'Rene Handoc', '', '09356673646', 100000099),
(35, 'Mrs. Santiago', '', '09128767635', 1000000100),
(36, 'Mr. Cadelina', '', '09128787646', 1000000101),
(37, 'Mr. Bustamante', '', '09098785764', 1000000102),
(38, 'Mr. Basa', '', '09199989991', 1000000103),
(39, 'Mr. Cadet', '', '09887827673', 1000000104),
(40, 'Dr. Abraham Peralta', '', '09188829773', 1000000105),
(41, 'Mr. Borja', '', '09997876543', 1000000106),
(42, 'Mr. Bong Bawaan', '', '09181127869', 1000000107),
(43, 'Mr. Manda', '', '09189827837', 1000000108),
(44, 'Mr. Daniel Villacruz', '', '09889876765', 1000000109),
(45, 'Thelma Cadelina', '', '0916776658', 1000000110),
(46, 'Mr. Tirasol', '', '09127876647', 1000000111),
(47, 'Ptr. Siasico', '', '09357847783', 1000000112),
(48, 'Mila Mier Handoc', '', '09387726776', 1000000113),
(49, 'Mrs. Pagayon', '', '09998873837', 1000000114),
(50, 'Mr.Villaruel', '', '09128738737', 1000000115),
(51, 'Mr. Garcia', '', '09287736736', 1000000116),
(52, 'Mr. Pelaez', '', '09756647368', 1000000117),
(53, 'Mr. Roldan', '', '09387748372', 1000000118),
(54, 'Mr. Loquias', '', '09678873736', 1000000119),
(55, 'Mr. Lanuevo', '', '09287738372', 1000000120),
(56, 'Mr. Edito Tenecio', '', '09878784774', 1000000121),
(57, 'Mrs. Umpa', '', '0912877278', 1000000122),
(58, 'Mr. Cadelina', '', '09187726736', 1000000123),
(59, 'Mr. Villaruel', '', '09387728190', 1000000124),
(60, 'Mr. Ronnie Alog', '', '09487736372', 1000000125),
(61, 'Mr. Eran', '', '09237726252', 1000000126),
(62, 'Mr. Valdez', '', '09123467589', 1000000127),
(63, 'Mr. Eucare', '', '09991882736', 1000000128),
(64, 'Mr. Doroteo', '', '09348728377', 1000000129),
(65, 'Mr. Pagayao', '', '09367748372', 1000000130),
(66, 'Mr. Gary Romano', '', '09992872883', 1000000131),
(67, 'Mr. Manajero', '', '09238784788', 1000000132),
(68, 'Mr. Kaliga', '', '09758765432', 1000000133),
(69, '09753456789', '', '09751234765', 1000000134),
(70, 'Mr.Ventura', '', '09875676234', 1000000135),
(71, 'Mr. Careno', '', '09287655446', 1000000136),
(72, 'Mr. Catalan', '', '09287566423', 1000000137),
(73, 'Mr. Thunder Storm', '', '09666166666', 1000000139),
(74, 'Mr. alamada', '', '09751256349', 1000000140),
(75, 'Mr. Gavasan', '', '09776574673', 1000000142),
(76, 'Mr. Gulay', '', '09228875647', 1000000143),
(77, 'Mr. Mercado', '', '09228837654', 1000000144),
(78, 'Mr. Gavasan', '', '09274654477', 1000000145),
(79, 'Mr. Winters', '', '09128876374', 1000000146),
(80, 'Mr. Mangelen', '', '09399390615', 1000000148),
(81, 'Mr. Mangelen', '', '09399390615', 1000000149),
(82, 'Mr. Alog', '', '09267532551', 1000000152),
(83, 'Mr. Tacardon Sr.', '', '09398423112', 1000000153),
(84, 'Mr. Miguel', '', '09390094212', 1000000154),
(85, 'Mr. Gapasin', '', '09254633124', 1000000155),
(86, 'Mr. Alog', '', '09092513887', 1000000156),
(87, 'Mr. Hapinat', '', '09098765223', 1000000157),
(88, 'Mr. Lazo', '', '09098790421', 1000000158),
(89, 'Mr. Del Pilar', '', '09265325512', 1000000159),
(90, 'Mr. Anajao', '', '09252355322', 1000000160),
(91, 'Mr. Plang', '', '09257638897', 1000000161),
(92, 'Mr. mantil', '', '09766554123', 1000000162),
(93, 'Mr. Abdul', '', '09876543123', 1000000163),
(94, 'Mr. Adapen', '', '09179959869', 1000000164),
(95, 'Mr. mamadla', '', '09753412786', 1000000165),
(96, 'Mr. Uga', '', '09876545236', 1000000166),
(97, 'Mr. Presas', '', '09753412897', 1000000167),
(98, 'Mr. Parcon', '', '09674534918', 1000000168),
(99, 'Mr. Oranza', '', '09756463541', 1000000169),
(100, 'Mr. Banares', '', '09876543675', 1000000170),
(101, 'Mr. Magoncia', '', '09754345637', 1000000171),
(102, 'Mr. Medrano', '', '09756367876', 1000000172),
(103, 'Mr. Handoc', '', '09673465711', 1000000173),
(104, 'Mr.Manangga', '', '09317834231', 1000000174),
(105, 'Mr.Camelle', '', '09352478654', 1000000175),
(106, 'Mr.Bacalso', '', '09756456432', 1000000176),
(107, 'Mr. claudio', '', '09756462876', 1000000177),
(108, 'Mr. Dalyne', '', '09671267213', 1000000178),
(109, 'Mr.Nilos', '', '0987654536', 1000000179),
(110, 'Mr. Aliso', '', '09876576543', 1000000180),
(111, 'Mr. sullano', '', '09876565432', 1000000181),
(112, 'Mr wellms', '', '09876754231', 1000000182),
(113, 'Mr. Manda', '', '09876565434', 1000000183),
(114, 'Mr. Chae', '', '09878767543', 1000000184),
(115, 'Mr. Zevlag', '', '09876565432', 1000000185),
(116, 'Mr. Parantar', '', '09764534187', 1000000186),
(117, 'Mr.Burgos', '', '098776534234', 1000000187),
(118, 'Mr.Stef', '', '09876709871', 1000000188),
(119, 'Mr. Balboa', '', '09671243213', 1000000189),
(120, 'Mr. Bumatay', '', '09765454321', 1000000190),
(121, 'Mr.parcon', '', '09876756432', 1000000191),
(122, 'Mr.Watson', '', '09876712098', 1000000192),
(123, 'Mr. Tomboc', '', '098989878675', 1000000193),
(124, 'Mr.Agot', '', '09167867120', 1000000194),
(125, 'Mr. Venus', '', '09765453128', 1000000195),
(126, 'Mr. Estrella', '', '09786754312', 1000000196),
(127, 'Mr. Dina', '', '09675643127', 1000000197),
(128, 'Mr. Nex', '', '09876545120', 1000000198),
(129, 'Mr.Yapchangco', '', '09876562312', 1000000199),
(130, 'Mr.Nueza', '', '09765423112', 1000000200),
(131, 'Mr.Agravante', '', '0986756129', 1000000201);

-- --------------------------------------------------------

--
-- Table structure for table `tblstudent`
--

CREATE TABLE `tblstudent` (
  `S_ID` int(11) NOT NULL,
  `IDNO` int(20) NOT NULL,
  `FNAME` varchar(40) NOT NULL,
  `LNAME` varchar(40) NOT NULL,
  `MNAME` varchar(40) NOT NULL,
  `SEX` varchar(10) NOT NULL DEFAULT 'Male',
  `BDAY` date NOT NULL,
  `BPLACE` text NOT NULL,
  `STATUS` varchar(30) NOT NULL,
  `AGE` int(30) NOT NULL,
  `NATIONALITY` varchar(40) NOT NULL,
  `RELIGION` varchar(255) NOT NULL,
  `CONTACT_NO` varchar(40) NOT NULL,
  `HOME_ADD` text NOT NULL,
  `ACC_USERNAME` varchar(255) NOT NULL,
  `ACC_PASSWORD` text NOT NULL,
  `student_status` text NOT NULL,
  `YEARLEVEL` int(11) NOT NULL,
  `STUDSECTION` int(11) NOT NULL,
  `COURSE_ID` int(11) NOT NULL,
  `STUDPHOTO` varchar(255) NOT NULL,
  `SEMESTER` varchar(30) NOT NULL,
  `SYEAR` varchar(30) NOT NULL,
  `NewEnrollees` tinyint(1) NOT NULL
) ENGINE=InnoDB DEFAULT CHARSET=latin1;

--
-- Dumping data for table `tblstudent`
--

INSERT INTO `tblstudent` (`S_ID`, `IDNO`, `FNAME`, `LNAME`, `MNAME`, `SEX`, `BDAY`, `BPLACE`, `STATUS`, `AGE`, `NATIONALITY`, `RELIGION`, `CONTACT_NO`, `HOME_ADD`, `ACC_USERNAME`, `ACC_PASSWORD`, `student_status`, `YEARLEVEL`, `STUDSECTION`, `COURSE_ID`, `STUDPHOTO`, `SEMESTER`, `SYEAR`, `NewEnrollees`) VALUES
(13, 100000076, 'Junnel', 'Henong', 'L', 'Male', '1995-09-28', 'Cebu City', 'Single', 0, 'Filipino', 'Catholic', '09179959869', 'Cebu City', 'junnel', 'c507f3285dc8f7c2ec06c8e84a5bcfdef5b75bc3', 'New', 1, 1, 30, '', 'First', '', 0),
(14, 100000077, 'Alamada', 'Norhan', 'K', 'Male', '1995-08-10', 'Cebu City', 'Single', 0, 'Filipino', 'Islam', '09287466580', 'Cebu City', 'norhan', 'eb64988565e5d1a8eb2417a3d23781811f6316c8', 'New', 1, 1, 30, '', 'First', '', 0),
(15, 100000079, 'Rabpani', 'Palisaman', 'p', 'Male', '1997-07-14', 'City of Tacurong', 'Single', 0, 'PIlipino', 'Islam', '09179959869', 'Danao City', 'palisaman', '2e2acf50c2e443211ce148db65e456120fc9edd4', 'New', 1, 1, 42, '', 'Second', '', 0),
(16, 100000080, 'Edward', 'Madriaga', 'M', 'Male', '1999-08-26', 'Cebu City', 'Single', 0, 'Filipino', 'Catholic', '09264566776', 'Cebu City', 'edward', '55b5a0f748d3a82dce10b205ecb0a0d8916c66a1', 'New', 2, 0, 30, '', 'Second', '', 1),
(18, 100000083, 'Josh Bernard', 'Cadelina', 'H', 'Male', '1994-11-22', 'Cebu City', 'Single', 0, 'Filipino', 'Alliance', '092756633785', 'Cebu City', 'josh', 'c028c213ed5efcf30c3f4fc7361dbde0c893c5b7', 'New', 1, 0, 21, 'student_image/13406890_1099504936754825_2344921503074981979_n.jpg', 'First', '', 1),
(19, 100000084, 'Icer Yves', 'Exiomo', 'F', 'Male', '1997-02-22', 'Cebu City', 'Single', 0, 'Filipino', 'Roman Catholic', '09287466580', 'Cebu City', 'icer', '8870c5997fb3dc73724d6ef9716013706bc0eb6d', 'New', 1, 0, 30, '', 'First', '', 1),
(20, 100000085, 'Baltazar, Jr.', 'Votacion', 'B', 'Male', '1998-02-28', 'Cebu City', 'Single', 0, 'Filipino', 'Catholic', '09097844576', 'Cebu City', 'baltazar', '97b13511481f75df46827988e27e8b925ee7c0ac', 'New', 1, 0, 30, '', 'First', '', 1),
(21, 100000086, 'Jenny Lyn', 'Dorado', 'K', 'Male', '1996-02-29', 'Cebu City', 'Single', 0, 'Filipino', 'Catholic', '09754990672', 'Cebu City', 'jenny', '6a3f4389a53c889b623e67f385f28ab8e84e5029', 'New', 1, 0, 21, '', 'First', '', 1),
(22, 100000087, 'Ronald', 'Dela Cruz', 'K', 'Male', '1997-09-28', 'Cebu City', 'Married', 0, 'Filipino', 'Espiritista', '09267588909', 'Cebu City', 'ronald', '9d270ca213048cc46f762591f54b6a0d59390996', 'New', 0, 0, 30, '', 'First', '', 1),
(23, 100000088, 'Ar ar', 'Catalan', 'C', 'Male', '1997-09-28', 'Cebu City', 'Single', 0, 'Filipino', 'Catholic', '09287569403', 'Cebu City', 'arar', '1dface85bd933c1b72b17eec0bdb76ed95e659ba', 'New', 1, 0, 30, '', 'First', '', 1),
(24, 100000090, 'Jenny Pearl', 'Cordero', 'K', 'Female', '1995-09-08', 'Cebu City', 'Single', 0, 'Filipino', 'Roman Catholic', '09267577888', 'Cebu City', 'pearl', '4ddc5d84096cb270103079731103f93082d8b099', 'New', 1, 0, 21, '', 'Second', '', 1),
(25, 100000091, 'Bainusarah', 'Mangulamas', 'M', 'Female', '1997-02-15', 'Cebu City', 'Single', 0, 'Filipino', 'Islam', '09267544890', 'Cebu City', 'bai', '7c824f2e1c4d8e5c9445dd7ded4e96febed020f7', 'New', 1, 1, 30, '', 'Second', '', 1),
(26, 100000092, 'Jerome', 'Legazpe', 'M', 'Male', '1996-02-28', 'Cebu City', 'Single', 0, 'Filipino', 'Catholic', '09275566712', 'Cebu City', 'jerome', '723156650c5778d0e4df4b2fbfeefa65359302e5', 'New', 1, 1, 30, '', 'Second', '', 0),
(29, 100000095, 'Johnrey', 'Betito', 'W', 'Male', '1998-09-09', 'Cebu City', 'Single', 0, 'Filipino', 'Roman Catholic', '09878757575', 'Danao City', 'johnrey', '38bdca114849afd1be4000a690e233ee6ab11e25', 'New', 1, 0, 30, '', 'First', '', 1),
(30, 100000096, 'Jammal', 'Mangulamas', 'L', 'Male', '1996-10-09', 'Cotabato', 'Single', 0, 'Filipino', 'Islam', '09129877756', 'Cebu City', 'jammal', '55e95a5a5f88bbb32ea13542d428540fc4f6faea', 'New', 1, 0, 21, '', 'First', '', 1),
(31, 100000097, 'Almohadnie', 'Angeles', 'O', 'Male', '1990-01-02', 'Danao City', 'Single', 0, 'Filipino', 'Islam', '09129989876', 'Cebu City', 'almohadnie', '24655db0feba3830ac7bc346ee331e94d85201ac', 'New', 1, 0, 30, '', 'First', '', 1),
(32, 100000098, 'Lorraine', 'Merquillo', 'S', 'Female', '1998-10-02', 'Zamboanga City', 'Single', 0, 'Filipino', 'Alliance', '09129987883', 'Cebu City', 'lorraine', '007eedf694d0287b7f3609669737ee8025708336', 'Irregular', 1, 2, 42, '', 'First', '', 0),
(33, 100000099, 'Joseph', 'Handoc', 'M', 'Male', '1995-07-29', 'Danao City', 'Single', 0, 'Filipino', 'Alliance', '09087765556', 'Danao City', 'joseph', '461476587780aa9fa5611ea6dc3912c146a91760', 'New', 1, 0, 21, '', 'First', '', 1),
(34, 1000000100, 'Ivy', 'Santiago', 'B', 'Female', '1997-09-09', 'Danao City', 'Single', 0, 'Filipino', 'Roman Catholic', '09998877665', 'Cebu City', 'ivy', '2c66c6e3c743465602c6dcd8e9412bee5fb846ed', 'New', 1, 1, 21, '', 'First', '', 0),
(35, 1000000101, 'Suzette', 'Cadelina', 'H', 'Female', '1987-09-15', 'Cebu City', 'Married', 0, 'Filipino', 'Alliance', '09127875674', 'Danao City', 'suzette', '754597e45a1a8d6c6c071ea892194e8f5483f782', 'New', 1, 0, 42, '', 'First', '', 1),
(36, 1000000102, 'Arjohn', 'Bustamante', 'G', 'Male', '1994-07-08', 'Danao City', 'Single', 0, 'Filipino', 'Roman Catholic', '09128987657', 'Danao City', 'arjohn', '33faf9c06d0cc880493e3c57a8fb25fb1e180610', 'New', 1, 0, 42, '', 'First', '', 1),
(37, 1000000103, 'Christopher', 'Basa', 'K', 'Male', '1998-12-25', 'Regina, Canada', 'Single', 0, 'Filipino', 'Roman Catholic', '09367584758', 'Cebu City', 'christopher', 'd6a3a4306f20dc52f478d602ba53e8d95963acac', 'New', 1, 0, 21, '', 'First', '', 1),
(38, 1000000104, 'Remvi', 'Cadet', 'M', 'Male', '1990-11-08', 'Danao City', 'Single', 0, 'Filipino', 'Roman Catholic', '09128873674', 'Cebu City', 'remvi', 'a38966035b61798fce9e1fd0cd3df4d2edb3d417', 'New', 1, 1, 30, '', 'First', '', 1),
(39, 1000000105, 'Abby', 'Peralta', 'L', 'Female', '1994-10-29', 'Danao City', 'Single', 0, 'Filipino', 'Alliance', '09199989887', 'Cebu City', 'abby', 'e76ceff3c47adb10f62b1acd7109f88fbd5e9ca7', 'New', 1, 1, 30, '', 'First', '', 1),
(40, 1000000106, 'Mary Lee', 'Borja', 'H', 'Female', '1998-01-20', 'Danao City, North Cotabato', 'Single', 0, 'Filipino', 'Roman Catholic', '09152283774', 'Cebu City', 'marylee', '1c24578ca947f858d5735526cb7fd1e54dcb84e0', 'New', 1, 0, 21, '', 'First', '', 1),
(41, 1000000107, 'Jhing', 'Bawaan', 'T', 'Female', '1999-05-22', 'Cebu City', 'Single', 0, 'Filipino', 'Evangelical', '09165567890', 'Cebu City', 'jhing', 'fcf49f880f12c32bf91b172910440771279e0878', 'New', 1, 1, 21, '', 'First', '', 1),
(42, 1000000108, 'Edwin', 'Manda', 'G', 'Male', '1999-08-20', 'Bukidnon', 'Single', 0, 'Filipino', 'Alliance', '09098765434', 'Cebu City', 'edwin', '3c7a591985b5e780ebcc40916fdeb443b8541c2a', 'New', 1, 0, 21, '', 'First', '', 1),
(43, 1000000109, 'Danae Shaira', 'Villacruz', 'G', 'Female', '1997-03-04', 'Danao City, Danao Cityt', 'Single', 0, 'Filipino', 'A ', '09178766776', 'Cebu City', 'danae', 'eb93e232a50ba000b7a9e0779c92e9e87d804058', 'New', 1, 0, 21, '', 'First', '', 1),
(44, 1000000110, 'Gwendolyn', 'Cadelina', 'H', 'Female', '1995-10-16', 'Danao City', 'Single', 0, 'Filipino', 'Alliance', '09887676546', 'Cebu City', 'gwendolyn', '93b7df2fa1586cc4351e99bce3f74805c1df4790', 'New', 1, 0, 21, '', 'First', '', 1),
(45, 1000000111, 'Kiana Justine', 'Tirasol', 'C', 'Female', '1997-04-28', 'Cebu City', 'Single', 0, 'Filipino', 'Roman Catholic', '09127788767', 'Cebu City', 'kiana', '703ddbc5fe426b4973c206f758719f6009b363c3', 'New', 1, 0, 21, '', 'First', '', 1),
(46, 1000000112, 'Hannah', 'Siasico', 'C', 'Female', '1998-02-04', 'Danao City, Danao Cityt', 'Single', 0, 'Filipino', 'Alliance', '09187767645', 'Cebu City', 'hannah', '675dc611bafb0b7348dd3baf7e005b6916fb954d', 'New', 1, 0, 21, '', 'First', '', 1),
(47, 1000000113, 'Laraine Dee', 'Handoc', 'M', 'Female', '0000-00-00', 'Cebu City', 'Single', 0, '09356672663', 'Alliance', '09356672663', 'Cebu City', 'laraine', 'c8915fcccf9088a7b8f8242d9fbed3017cc573a8', 'New', 1, 0, 21, '', 'First', '', 1),
(48, 1000000114, 'Elzevir', 'Pagayon', 'P', 'Male', '1999-05-01', 'Cebu City', 'Single', 0, 'Filipino', 'Alliance', '09289937774', 'Cebu City', 'elzevir', 'be0127ba8587beced734e5a350582f3dba5e5b4b', 'New', 1, 0, 21, '', 'First', '', 1),
(49, 1000000115, 'Novelyn', 'Villaruel', 'Y', 'Female', '1998-05-22', 'Cebu City', 'Single', 0, 'Filipino', 'Alliance', '09878874847', 'Cebu City', 'novelyn', '661382b240420fef499ddb3168c5182b4045113d', 'New', 1, 0, 21, '', 'First', '', 1),
(50, 1000000116, 'Jeremiah', 'Garcia', 'G', 'Male', '2011-11-11', 'Cebu City', 'Single', 0, 'Filipino', 'Alliance', '09678837637', 'Cebu City', 'jeremiah', 'a9df78b4b5c00745f26b0821b2cc57336a474862', 'New', 1, 0, 21, '', 'First', '', 1),
(51, 1000000117, 'Ruby Ann', 'Pelaez', 'G', 'Female', '1997-10-04', 'Cebu City', 'Single', 0, 'Filipino', 'Roman Catholic', '09234646773', 'Cebu City', 'ruby', '18e40e1401eef67e1ae69efab09afb71f87ffb81', 'New', 1, 0, 21, '', 'First', '', 1),
(52, 1000000118, 'Pia Samantha', 'Roldan', 'C', 'Female', '1995-09-23', 'Cebu City', 'Single', 0, 'Filipino', 'Alliance', '09127873664', 'Cebu City', 'pia', '5cd788f9fa28387309d0bcc2c5429570ee9fe30e', 'New', 1, 0, 21, '', 'First', '', 1),
(53, 1000000119, 'Virgil', 'Loquias', 'M', 'Male', '1993-04-05', 'Cebu City', 'Single', 0, 'Filipino', 'Roman Catholic', '09478837288', 'Cebu City', 'virgil', '8460e247a3dbc5da1ba0ca46c5321ac9db046fb9', 'New', 1, 0, 21, '', 'First', '', 1),
(54, 1000000120, 'Precious', 'Lanuevo', 'N', 'Female', '1997-09-04', 'Cebu City', 'Single', 0, 'Filipino', 'Alliance', '09238847849', 'Cebu City', 'precious', '42e63a94dbeff43190f6c03f7c5885c01c87c200', 'New', 1, 0, 21, '', 'First', '', 1),
(55, 1000000121, 'Carlyne Joy', 'Tenecio', 'H', 'Female', '1997-10-26', 'Cebu City', 'Single', 0, 'Filipino', 'Baptist', '09127738462', 'Cebu City', 'carlyne', '9dbb824721b2dbdbd89077996cdab1d940764303', 'New', 1, 0, 30, 'student_image/12909489_1257077340988202_2965799069910400828_o.jpg', 'First', '', 1),
(56, 1000000122, 'Jake', 'Umpa', 'U', 'Male', '1992-08-31', 'Cebu City', 'Single', 0, 'Filipino', 'Alliance', '09237873662', 'Cebu City', 'jake', 'c8d99c2f7cd5f432c163abcd422672b9f77550bb', 'New', 1, 0, 30, '', 'First', '', 1),
(57, 1000000123, 'Michael', 'Cadelina', 'T', 'Male', '1996-08-21', 'Cebu City', 'Single', 0, 'Filipino', 'Conventional Baptist', '09148874738', 'Cebu City', 'michael', '17b9e1c64588c7fa6419b4d29dc1f4426279ba01', 'New', 1, 0, 30, '', 'First', '', 1),
(58, 1000000124, 'Kristine', 'Villaruel', 'B', 'Female', '1995-06-11', 'Cebu City', 'Single', 0, 'Filipino', 'Alliance', '09477463722', 'Cebu City', 'kristine', 'a63a3be77fa51c8ca25c3b8be5ac5d0e93917c0b', 'New', 1, 0, 30, '', 'First', '', 1),
(59, 1000000125, 'Kindahl', 'Alog', 'E', 'Female', '1999-04-22', 'Cebu City', 'Single', 0, 'Filipino', 'Alliance', '09192883737', 'Cebu City', 'kindahl', '4dc1091beca44e5133fe7ca443ce4116e6275006', 'New', 1, 0, 30, '', 'First', '', 1),
(60, 1000000126, 'Jecel', 'Eran', 'K', 'Female', '1998-03-02', 'Cebu City', 'Single', 0, 'Filipino', 'Baptist', '09789938383', 'Cebu City', 'jecel', 'efa848a414acf8bd9b39c2c55b55a6901c648f89', 'New', 1, 1, 30, '', 'First', '', 0),
(61, 1000000127, 'Earle', 'Valdez', 'Q', 'Male', '1997-11-26', 'Cebu City', 'Single', 0, 'Filipino', 'Roman Catholic', '09567748392', 'Cebu City', 'earle', 'aa2521688dc8a0d74bd77a583e928d31a5731836', 'New', 1, 1, 30, '', 'First', '', 0),
(62, 1000000128, 'Gaudelyn', 'Eucare', 'V', 'Female', '1996-02-14', 'Cebu City', 'Single', 0, 'Filipino', 'Alliance', '09578847384', 'Cebu City', 'gaudelyn', 'e03a6ee418ce3dc843a2b9c8abdbb7af253d919d', 'New', 1, 0, 30, '', 'First', '', 1),
(63, 1000000129, 'Ellyza', 'Doroteo', 'O', 'Female', '1996-12-12', 'Cebu City', 'Single', 0, 'Filipino', 'Alliance', '09127736846', 'Cebu City', 'ellyza', '886093a9895ab643ddb92809dd62eb898a88751f', 'New', 1, 0, 42, '', 'First', '', 1),
(64, 1000000130, 'Cunanan', 'Pagayao', 'L', 'Male', '1990-10-14', 'Cebu City', 'Single', 0, 'Filipino', 'Alliance', '09257748383', 'Cebu City', 'cunanan', '894f59cb98e073fec902cbbff0e9d143102082fd', 'New', 1, 0, 42, '', 'First', '', 1),
(65, 1000000131, 'Samantha', 'Romano', 'I', 'Female', '1990-12-05', 'Cebu City', 'Single', 0, 'Filipino', 'Roman Catholic', '09238746574', 'Cebu City', 'samantha', 'ec5a7c3e21436a8e76716710ce551356f9aa745e', 'Transferee', 3, 0, 32, '', 'First', '', 1),
(66, 1000000132, 'Charnel', 'Manajero', 'D', 'Male', '1990-05-19', 'Cebu City', 'Single', 0, 'Filipino', 'Roman Catholic', '09768859575', 'Cebu City', 'charnel', 'eab5aa588a82582c0f60e4d6b304d6822efb127e', 'New', 0, 0, 30, '', 'First', '', 1),
(67, 1000000133, 'Timmy-babe', 'kaliga', 'k', 'Male', '1998-05-05', 'Danao City', 'Single', 0, 'Filipino', 'Islam', '09752345768', 'Danao City ', 'Timmy', 'cb88945e9d64c16a44cb4cf567b2b6a211e9dce2', 'New', 1, 1, 21, '', 'First', '', 1),
(68, 1000000134, 'Reann', 'Alaban', 'K', 'Male', '1997-09-08', 'Danao City', 'Single', 0, 'Filipino', 'Roman Catholic', '9756787455', 'Danao City', 'Reann', 'f31445a35f65dbc7040cb5b1bd58f1a70ff4b093', 'New', 1, 1, 21, '', 'First', '', 1),
(69, 1000000135, 'Redd', 'Ventura', 'V', 'Male', '1996-08-07', 'Cebu City', 'Single', 0, 'Filipino', 'Roman Catholic', '09757867543', 'Cebu City', 'Redd', '0e3b14615c2c441f2215aff1fe5488866545b9c5', 'New', 1, 0, 21, '', 'First', '', 1),
(70, 1000000136, 'Ronald', 'Careno', 'M', 'Female', '2002-02-01', 'Cebu City', 'Single', 0, '09257655897', 'Roman Catholic', '09257655897', 'Cebu City', 'careno', '0160c52958109c870c01b623f7846c414bf0b0f5', 'New', 1, 0, 30, '', 'First', '', 1),
(71, 1000000137, 'Kyla', 'Catalan', 'C', 'Female', '1997-01-28', 'Cebu City', 'Single', 0, 'Filipino', 'Alliance', '09287566444', 'Cebu City', 'kyla', 'd4e85d45106df12908f2fb2490bd303ad8a30d32', 'New', 1, 0, 42, '', 'First', '', 1),
(72, 1000000139, 'Rain', 'Storm', 'G', 'Female', '2001-02-01', 'Cotabato City, Danao Cityt', 'Single', 0, '09129978666', 'Illuminati', '09129978666', 'Danao City', 'rain', 'fbec17cb2fcbbd1c659b252230b48826fc563788', 'New', 1, 1, 30, '', 'First', '', 1),
(73, 1000000140, 'khein', 'alamada', 'c', 'Male', '1997-10-07', 'Danao City', 'Single', 0, 'Filipino', 'Islam', '09751209609', 'Datu Paglas', 'khein', '20ae5f2ba23d8ba0798e8ae1f48701d3c14db635', 'New', 1, 1, 21, '', 'First', '', 1),
(80, 1000000149, 'Yancy', 'Mangelen', 'M', 'Male', '1997-08-28', 'Danao City', 'Single', 0, 'Filipino', 'Islam', '09753558619', 'Danao City', 'yancy', '70a24d536eb68af18a2f5051690c3021e98b1f8e', 'New', 1, 1, 21, '', 'First', '', 1),
(81, 1000000152, 'Zennia Rica', 'Alog', 'M', 'Female', '1998-01-20', 'Cebu City', 'Single', 0, '09274658202', 'Conventional Baptist', '09274658202', 'Cebu City', 'rica', 'e2d9832b3cefa975803be763b95d3c502c42a0dc', 'New', 1, 0, 42, '', 'First', '', 1),
(82, 1000000153, 'Sam', 'Tacardon Jr.', 'M', 'Male', '1998-02-28', 'Cebu City', 'Single', 0, 'Filipino', 'Catholic', '09274355123', 'Cebu City', 'sam', 'f16bed56189e249fe4ca8ed10a1ecae60e8ceac0', 'New', 1, 1, 42, '', 'First', '', 1),
(83, 1000000154, 'Nia Rica ', 'Miguel', 'G', 'Female', '1999-05-28', 'Cebu City', 'Single', 0, 'Filipino', 'Alliance', '09287535332', 'Cebu City', 'nina', 'b443de4b0ff48581d8743a5f5cad5321e40054c2', 'New', 1, 0, 42, '', 'First', '', 1),
(84, 1000000155, 'Gianna Mae', 'Gapasin', 'K', 'Female', '1999-01-29', 'Cebu City', 'Single', 0, 'Filipino', 'Islam', '09274523532', 'Cebu City', 'gianna', '72b1ddf9b91795e4bde0de7811e8e35865e1f0f7', 'New', 1, 0, 42, '', 'First', '', 1),
(85, 1000000156, 'Rojie Andrea', 'Alog', 'H', 'Female', '1999-09-28', 'Cebu City', 'Single', 0, 'Filipino', 'Catholic', '09275644190', 'Cebu City', 'rojie', '4f07c77b1d33cce74323b28bb449979c42e9a151', 'New', 1, 2, 42, '', 'First', '', 0),
(86, 1000000157, 'Jerih Mae', 'Hapinat', 'H', 'Female', '1998-12-12', 'Cebu City', 'Single', 0, 'Filipino', 'Conventional Baptist', '09274344123', 'Cebu City', 'jerih', '7fc63d22370ec9812fc7a94d6adf74a5511b5e6d', 'New', 1, 0, 42, '', 'First', '', 1),
(87, 1000000158, 'Krista Mae', 'Lazo', 'C', 'Female', '1998-08-22', 'Cebu City', 'Single', 0, 'Filipino', 'Alliance', '09265355123', 'Cebu City', 'krista', 'ba770747d84d60654212d3173c719564d2f30240', 'New', 1, 0, 42, '', 'First', '', 1),
(88, 1000000159, 'Rossel Abasola', 'Del Pilar', 'B', 'Female', '1999-01-30', 'Cebu City', 'Single', 0, 'Filipino', 'Islam', '09285355102', 'Cebu City', 'rossel', 'd35fb797cd118a2bb7b679cee6ceada9a6bdd151', 'New', 1, 0, 42, '', 'First', '', 1),
(89, 1000000160, 'Allyza Joyce', 'Anajao', 'A', 'Female', '1998-02-21', 'Cebu City', 'Single', 0, 'Filipino', 'Espiritista', '09251908245', 'Cebu City', 'allyza', '5b13d27681d01db855b898f5c3ff33f592138806', 'New', 1, 0, 42, '', 'First', '', 1),
(90, 1000000161, 'Joali', 'Plang ', 'C', 'Male', '1997-09-13', 'Danao City', 'Single', 0, 'Filipino', 'Islam', '09256171768', 'Danao City', 'joali', '87d59f4b9ca4058fa88b586ce4ef27492562873e', 'New', 1, 1, 21, '', 'First', '', 1),
(91, 1000000162, 'jahad', 'mantil', 'k', 'Male', '1998-08-23', 'Danao City', 'Single', 0, 'Filipino', 'Islam', '09753421234', 'Danao City', 'jahad', '34753f1ba315c18f3ffa134ec02c4ffbdf2bc9cb', 'New', 1, 1, 21, '', 'First', '', 0),
(92, 1000000163, 'hamid', 'Abdul', 'G', 'Male', '1997-07-25', 'City of Tacurong', 'Single', 0, 'Philippines', 'Islam', '09765623654', 'Danao City', 'hamid', 'e5c4f933a178cd626655c7715ac38cde59f1efe3', 'New', 1, 1, 42, '', 'First', '', 0),
(93, 1000000164, 'kamaruden', 'adapen ', 'K', 'Male', '1998-06-12', 'City of Tacurong', 'Single', 0, 'Filipino', 'Islam', '09876543143', 'Danao City', 'kamaruden', '0a5c751a397ba846cdf3578da5d5107875ad1e6d', 'New', 1, 1, 42, '', 'First', '', 0),
(94, 1000000165, 'Abdulsalam', 'mamadla', 'L', 'Male', '1998-05-15', 'Danao City', 'Single', 0, 'Filipino', 'Islam', '09757645152', 'Danao City', 'mamadla', '19cb9f6c054fc862004d2e2d14356bed5c162ef7', 'New', 1, 1, 42, '', 'First', '', 0),
(95, 1000000166, 'alex', 'Uga', 'H', 'Male', '1997-08-12', 'Danao City', 'Single', 0, 'Filipino', 'Islam', '09756544523', 'Danao City', 'alex', '60c6d277a8bd81de7fdde19201bf9c58a3df08f4', 'New', 1, 1, 42, '', 'First', '', 0),
(96, 1000000167, 'Ron bryan ', 'Presas', 'P', 'Male', '1998-07-06', 'isulan Danao Cityt', 'Single', 0, 'Filipino', 'Catholic', '09751234765', 'Danao City ', 'Presas', '111ef72383af1ef97f8dfac345e2e052b72b2e9e', 'New', 1, 1, 42, '', 'First', '', 0),
(97, 1000000168, 'Anne', 'Parcon', 'S', 'Female', '1999-09-07', 'Danao City', 'Single', 0, 'Filipino', 'Roman Catholic', '09265112349', 'Danao City', 'anne', '96657fd33d4351fb0ec777fd7064e03b0adc3a35', 'New', 1, 1, 42, '', 'First', '', 0),
(98, 1000000169, 'Christian', 'Oranza', 'K', 'Male', '1999-07-06', 'Cebu City', 'Single', 0, 'Filipino', 'Catholic', '09876543565', 'Cebu City', 'christian', '2314b2e3a4a1f7db165be2aafbf1efd78f28cc97', 'New', 1, 1, 42, '', 'First', '', 0),
(99, 1000000170, 'Ella', 'Banares', 'H', 'Female', '1998-04-04', 'Cebu City', 'Single', 0, 'Filipino', 'Catholic', '09123445768', 'Cebu City', 'ella', '5edf31da3f42a518437a149eb6d70cd01c02c3cd', 'New', 1, 1, 42, '', 'First', '', 0),
(100, 1000000171, 'Dexter', 'Magoncia', 'M', 'Male', '1997-05-05', 'Danao City', 'Single', 0, 'Filipino', 'Roman Catholic', '09675413276', 'Danao City', 'dexter', 'efce8cd161897feeaa7979d892dc26a8a8d8eea3', 'New', 1, 1, 42, '', 'First', '', 0),
(101, 1000000172, 'Elea', 'Medrano', 'M', 'Female', '1997-04-04', 'Cebu City', 'Single', 0, 'Filipino', 'Catholic', '09876312342', 'Cebu City', 'elea', '687bc2d923531096fac1059dfb9c606182c0958d', 'New', 1, 1, 42, '', 'First', '', 0),
(102, 1000000173, 'Joseph', 'Handoc', 'K', 'Female', '0207-01-07', 'Cebu City', 'Single', 0, '09811326781', 'Roman Catholic', '09811326781', 'Cebu City', 'Handoc', 'e6b38ca094163918db68452fbe5ace8732794415', 'New', 1, 1, 42, '', 'First', '', 0),
(103, 1000000174, 'Zoharto', 'Manangga', 'M', 'Male', '1998-11-23', 'Danao City', 'Single', 0, 'Filipino', 'Islam', '09123487657', 'Danao City ', 'zoharto', 'eedda5500b1e2bce2cb46aaf959587429a8669cd', 'New', 1, 1, 42, '', 'First', '', 0),
(104, 1000000175, 'Bianca', 'Camelle', 'C', 'Female', '1998-12-23', 'Cebu City', 'Single', 0, 'Filipino', 'Catholic', '09352176898', 'Cebu City', 'bianca', '2a69ed80e5dfa142aa29c01680eb65649b12b9b6', 'New', 1, 1, 42, '', 'First', '', 0),
(105, 1000000176, 'Jhon', 'Bacalso', 'B', 'Male', '1996-03-07', 'Cebu City', 'Single', 0, 'Filipino', 'Roman Catholic', '09756765432', 'Cebu City', 'jhon', 'c27224cfa8386dcd2bb90db1e1ed7f0747de8cd7', 'New', 1, 1, 42, '', 'First', '', 0),
(106, 1000000177, 'Kristina', 'claudio', 'K', 'Female', '1998-11-30', 'Cebu City', 'Single', 0, 'Filipino', 'Roman Catholic', '09756478765', 'Cebu City', 'kristina', '2d3b2ae69a50d2c9c76ad4e6a67c7707909d0797', 'New', 1, 1, 42, '', 'First', '', 0),
(107, 1000000178, 'Miralles', 'Dalyne', 'H', 'Female', '1999-02-04', 'Danao City', 'Single', 0, 'Filipino', 'Roman Catholic', '09654367543', 'Cebu City', 'miralles', '08b1cf978acabd01a00322224e5c52c31ae8dbfd', 'New', 1, 1, 42, '', 'First', '', 0),
(108, 1000000179, 'Janette', 'Nillos', 'A', 'Female', '1997-02-01', 'Danao City', 'Single', 0, '09876543564', 'Roman Catholic', '09876543564', 'Danao City', 'janette', 'db744ba63c35ddb50f92933afaeebaef9025483a', 'New', 1, 1, 42, '', 'First', '', 0),
(109, 1000000180, 'Farsallah', 'Aliso', 'A', 'Female', '1997-06-25', 'Danao City', 'Single', 0, 'Filipino', 'Roman Catholic', '09786756432', 'Danao City', 'farsallah', 'f2d9114d659e229e7b58f5813daaa9d88cb841ab', 'New', 1, 1, 42, '', 'First', '', 0),
(110, 1000000181, 'Lady Lyn', 'Sullano', 'B', 'Female', '1997-08-15', 'Danao City', 'Single', 0, 'Filipino', 'Catholic', '09878767654', 'Cebu City', 'ladylyn', '470f859af53837465e3c8fc53ae4a1be800d7240', 'New', 1, 1, 42, '', 'First', '', 0),
(111, 1000000182, 'alex', 'wellms', 'W', 'Male', '1995-07-16', 'Cebu City', 'Single', 0, 'Filipino', 'Catholic', '09756454322', 'Cebu City', 'wellms', '63bdc53e431e4957b62faa6cd0465a666bd6ce1e', 'New', 1, 1, 42, '', 'First', '', 0),
(112, 1000000183, 'Glyd', 'Manda', 'M', 'Male', '1997-03-24', 'Cebu City', 'Single', 0, 'Filipino', 'Roman Catholic', '09122366754', 'Cebu City', 'glyd', 'cd31ef62c1722df14cbc0bc238cbbe9cb5e970ca', 'New', 1, 1, 42, '', 'First', '', 0),
(113, 1000000184, 'wevan', 'chae', 'D', 'Male', '1997-11-12', 'Danao City, Danao Cityt', 'Single', 0, 'Filipino', 'Roman Catholic', '098765453', 'Danao City', 'wevan', 'aadad817d5f525087ca053ccce75ac5e9bafd3a0', 'New', 1, 1, 42, '', 'First', '', 0),
(114, 1000000185, 'Kitty', 'Zevlag', 'Z', 'Male', '1995-10-25', 'Danao City', 'Single', 0, 'Filipino', 'Roman Catholic', '09872354676', 'Cebu City', 'kitty', '95d79f53b52da1408cc79d83f445224a58355b13', 'New', 1, 1, 42, '', 'First', '', 0),
(115, 1000000186, 'Christine', 'Parantar', 'H', 'Female', '1996-09-18', 'Danao City', 'Single', 0, 'Filipino', 'Alliance', '09876754123', 'Danao City', 'christine', '70e8b6e13c18e8800ef6b67166d0409e66ab58a9', 'New', 1, 1, 42, '', 'First', '', 0),
(116, 1000000187, 'JC', 'Burgos', 'B', 'Male', '1996-09-17', 'Cebu City', 'Single', 0, 'Filipino', 'Alliance', '09871234981', 'Cebu City', 'jc', 'f9ae8604de015e6fc12a1ebdbe72f262b981a2f6', 'New', 1, 1, 42, '', 'First', '', 0),
(117, 1000000188, 'Dedal', 'Stef', 'S', 'Male', '1996-09-15', 'Cebu City', 'Single', 0, 'Filipino', 'Roman Catholic', '09877656123', 'Cebu City', 'dedal', 'bc370f94f6cf9acc580c2c50f3d4dff756e39bac', 'New', 1, 1, 42, '', 'First', '', 0),
(118, 1000000189, 'Tessa', 'Balboa', 'T', 'Female', '2000-02-23', 'Danao City', 'Single', 0, 'Filipino', 'Catholic', '-09765445321', 'tacurong ciy', 'tessa', 'e2e18d551d92039e2ae71fc6854f0a12d2f9a730', 'New', 1, 1, 42, '', 'First', '', 0),
(119, 1000000190, 'Neoboy', 'Bumatay', 'A', 'Male', '0196-11-09', 'Danao City', 'Single', 0, 'Filipino', 'Roman Catholic', '09564534198', 'Cebu City', 'neoboy', 'e5aa55fb947a507a6b9fddcb2885eea498b2ace9', 'New', 1, 1, 42, '', 'First', '', 0),
(120, 1000000191, 'Marian', 'Parcon', 'K', 'Female', '2000-11-17', 'Danao City', 'Single', 0, 'Filipino', 'Roman Catholic', '09876545676', 'Cebu City', 'marian', '15985e73bfe2e61c83c1b328087be49992d25081', 'New', 1, 1, 42, '', 'First', '', 0),
(121, 1000000192, 'Jonathan', 'Watson', 'A', 'Male', '1996-10-19', 'Cebu City', 'Single', 0, 'Filipino-Canadian', 'Roman Catholic', '09674523897', 'Cebu City', 'jonathan', '3692bfa45759a67d83aedf0045f6cb635a966abf', 'New', 1, 1, 42, '', 'First', '', 0),
(122, 1000000193, 'Arliz', 'Tomboc', 'T', 'Male', '1997-12-12', 'Danao City', 'Single', 0, 'Filipino', 'Catholic', '09876523109', 'Cebu City', 'arliz', 'e9bc16a650318b1a218c3212e63af7f5c65f9295', 'New', 1, 1, 42, '', 'First', '', 0),
(123, 1000000194, 'Rhon', 'Agot', 'V', 'Male', '1997-11-22', 'Cebu City', 'Single', 0, 'Filipino', 'Catholic', '09261789765', 'Cebu City', 'rhon', '473f8c82c83421d18ecb9464d158b846f611008f', 'New', 1, 1, 42, '', 'First', '', 0),
(124, 1000000195, 'Alison', 'Venus', 'S', 'Female', '1997-03-23', 'Cebu City', 'Single', 0, 'Filipino', 'Catholic', '-09176534281', 'Cebu City', 'alison', '4a4f22fbabc5d6375b354538de0249eb0a80f614', 'New', 1, 1, 42, '', 'First', '', 0),
(125, 1000000196, 'Pauline ', 'Estrella', 'E', 'Female', '1996-11-30', 'Cebu City', 'Single', 0, 'Filipino', 'Catholic', '09756754121', 'Cebu City', 'pauline', 'e4b4cd4210ee87c60da653c1b6a77d529c1a079d', 'New', 1, 1, 42, '', 'First', '', 0),
(126, 1000000197, 'Diane', 'Dina', 'D', 'Female', '2000-11-09', 'Danao City', 'Single', 0, 'Filipino', 'Catholic', '09176564129', 'Cebu City', 'diane', 'daf3ef29366afaf65c691b1e42f84c8621f09db6', 'New', 1, 1, 42, '', 'First', '', 0),
(127, 1000000198, 'klee', 'Nex', 'X', 'Male', '1997-11-17', 'Danao City', 'Single', 0, 'Filipino', 'Catholic', '09765412098', 'Cebu City', 'klee', 'e47124b77b6860396297e8649228afd93a29bc6f', 'New', 1, 1, 42, '', 'First', '', 0),
(128, 1000000199, 'Betchay', 'Yapchengco', 'Y', 'Female', '1996-09-16', 'Cebu City', 'Single', 0, 'Filipino', 'Catholic', '09657654192', 'Cebu City', 'betchay', 'aafe76c1565aa924f2674f5c6d1c0d38cb81802b', 'New', 1, 1, 42, '', 'First', '', 0),
(129, 1000000200, 'Tito', 'Nueza ', 'A', 'Male', '1997-06-14', 'Cebu City', 'Single', 0, 'Filipino', 'Catholic', '09876756120', 'Cebu City', 'tito', '1a96f9437697ef43237868412d77b15991964f6e', 'New', 1, 1, 42, '', 'First', '', 0),
(130, 1000000201, 'Randy', 'Agravante', 'A', 'Male', '1998-11-12', 'Cebu City', 'Single', 0, 'Filipino-Canadian', 'Catholic', '09876512812', 'Cebu City', 'randy', '68507a13665ec3a31759c0d3a94804221c0a87d3', 'New', 1, 1, 42, '', 'First', '', 0);

-- --------------------------------------------------------

--
-- Table structure for table `useraccounts`
--

CREATE TABLE `useraccounts` (
  `ACCOUNT_ID` int(11) NOT NULL,
  `ACCOUNT_NAME` varchar(255) NOT NULL,
  `ACCOUNT_USERNAME` varchar(255) NOT NULL,
  `ACCOUNT_PASSWORD` text NOT NULL,
  `ACCOUNT_TYPE` varchar(30) NOT NULL,
  `EMPID` int(11) NOT NULL,
  `USERIMAGE` varchar(255) NOT NULL
) ENGINE=InnoDB DEFAULT CHARSET=latin1;

--
-- Dumping data for table `useraccounts`
--

INSERT INTO `useraccounts` (`ACCOUNT_ID`, `ACCOUNT_NAME`, `ACCOUNT_USERNAME`, `ACCOUNT_PASSWORD`, `ACCOUNT_TYPE`, `EMPID`, `USERIMAGE`) VALUES
(1, 'Richard Bracero', 'admin', 'd033e22ae348aeb5660fc2140aec35850c4da997', 'Administrator', 1234, 'photos/LoginRed.jpg'),
(2, 'Test test', 'test', 'd033e22ae348aeb5660fc2140aec35850c4da997', 'Registrar', 0, '');

--
-- Indexes for dumped tables
--

--
-- Indexes for table `course`
--
ALTER TABLE `course`
  ADD PRIMARY KEY (`COURSE_ID`),
  ADD KEY `DEPT_ID` (`DEPT_ID`);

--
-- Indexes for table `department`
--
ALTER TABLE `department`
  ADD PRIMARY KEY (`DEPT_ID`);

--
-- Indexes for table `grades`
--
ALTER TABLE `grades`
  ADD PRIMARY KEY (`GRADE_ID`),
  ADD KEY `IDNO` (`IDNO`);

--
-- Indexes for table `schoolyr`
--
ALTER TABLE `schoolyr`
  ADD PRIMARY KEY (`SYID`),
  ADD KEY `IDNO` (`IDNO`);

--
-- Indexes for table `studentschedule`
--
ALTER TABLE `studentschedule`
  ADD PRIMARY KEY (`CLASS_ID`),
  ADD KEY `IDNO` (`IDNO`),
  ADD KEY `schedID` (`schedID`);

--
-- Indexes for table `studentsubjects`
--
ALTER TABLE `studentsubjects`
  ADD PRIMARY KEY (`STUDSUBJ_ID`),
  ADD KEY `IDNO` (`IDNO`),
  ADD KEY `SUBJ_ID` (`SUBJ_ID`);

--
-- Indexes for table `subject`
--
ALTER TABLE `subject`
  ADD PRIMARY KEY (`SUBJ_ID`),
  ADD KEY `COURSE_ID` (`COURSE_ID`);

--
-- Indexes for table `tblauto`
--
ALTER TABLE `tblauto`
  ADD PRIMARY KEY (`ID`),
  ADD KEY `autocode` (`autocode`);

--
-- Indexes for table `tblinstructor`
--
ALTER TABLE `tblinstructor`
  ADD PRIMARY KEY (`INST_ID`);

--
-- Indexes for table `tbllogs`
--
ALTER TABLE `tbllogs`
  ADD PRIMARY KEY (`LOGID`);

--
-- Indexes for table `tblschedule`
--
ALTER TABLE `tblschedule`
  ADD PRIMARY KEY (`schedID`),
  ADD KEY `COURSE_ID` (`COURSE_ID`),
  ADD KEY `SUBJ_ID` (`SUBJ_ID`);

--
-- Indexes for table `tblsemester`
--
ALTER TABLE `tblsemester`
  ADD PRIMARY KEY (`SEMID`);

--
-- Indexes for table `tblstuddetails`
--
ALTER TABLE `tblstuddetails`
  ADD PRIMARY KEY (`DETAIL_ID`),
  ADD KEY `IDNO` (`IDNO`);

--
-- Indexes for table `tblstudent`
--
ALTER TABLE `tblstudent`
  ADD PRIMARY KEY (`S_ID`),
  ADD UNIQUE KEY `IDNO` (`IDNO`);

--
-- Indexes for table `useraccounts`
--
ALTER TABLE `useraccounts`
  ADD PRIMARY KEY (`ACCOUNT_ID`),
  ADD UNIQUE KEY `ACCOUNT_USERNAME` (`ACCOUNT_USERNAME`);
COMMIT;

/*!40101 SET CHARACTER_SET_CLIENT=@OLD_CHARACTER_SET_CLIENT */;
/*!40101 SET CHARACTER_SET_RESULTS=@OLD_CHARACTER_SET_RESULTS */;
/*!40101 SET COLLATION_CONNECTION=@OLD_COLLATION_CONNECTION */;
